0,0
0.01,0
0.02,0
0.03,0
0.04,0
0.05,0
0.06,0
0.07,0
0.08,0
0.09,0
0.1,0
0.11,0.008
0.12,0
0.13,0
0.14,0
0.15,0
0.16,0
0.17,0
0.18,0
0.19,0
0.2,0
0.21,0
0.22,0.008
0.23,0.008
0.24,0
0.25,0.008
0.26,0.008
0.27,0.032
0.28,0.104
0.29,0.312
0.3,0.304
0.31,-0.072
0.32,-0.376
0.33,-0.552
0.34,-0.328
0.35,0.096
0.36,0.336
0.37,0.504
0.38,0.248
0.39,-0.16
0.4,-0.432
0.41,-0.488
0.42,-0.112
0.43,0.216
0.44,0.44
0.45,0.448
0.46,0.064
0.47,-0.288
0.48,-0.496
0.49,-0.368
0.5,0.048
0.51,0.304
0.52,0.488
0.53,0.296
0.54,-0.096
0.55,-0.384
0.56,-0.488
0.57,-0.184
0.58,0.176
0.59,0.392
0.6,0.456
0.61,0.12
0.62,-0.232
0.63,-0.456
0.64,-0.4
0.65,-0.008
0.66,0.264
0.67,0.456
0.68,0.344
0.69,-0.04
0.7,-0.336
0.71,-0.48
0.72,-0.24
0.73,0.128
0.74,0.36
0.75,0.456
0.76,0.176
0.77,-0.184
0.78,-0.424
0.79,-0.424
0.8,-0.072
0.81,0.224
0.82,0.432
0.83,0.376
0.84,0.016
0.85,-0.288
0.86,-0.464
0.87,-0.288
0.88,0.08
0.89,0.312
0.9,0.448
0.91,0.232
0.92,-0.128
0.93,-0.384
0.94,-0.432
0.95,-0.128
0.96,0.184
0.97,0.392
0.98,0.4
0.99,0.072
1,-0.248
1.01,-0.432
1.02,-0.328
1.03,0.024
1.04,0.28
1.05,0.432
1.06,0.28
1.07,-0.072
1.08,-0.336
1.09,-0.432
1.1,-0.184
1.11,0.144
1.12,0.352
1.13,0.408
1.14,0.128
1.15,-0.2
1.16,-0.4
1.17,-0.36
1.18,-0.032
1.19,0.24
1.2,0.408
1.21,0.312
1.22,-0.024
1.23,-0.296
1.24,-0.424
1.25,-0.232
1.26,0.096
1.27,0.32
1.28,0.408
1.29,0.176
1.3,-0.152
1.31,-0.368
1.32,-0.376
1.33,-0.08
1.34,0.2
1.35,0.384
1.36,0.344
1.37,0.024
1.38,-0.256
1.39,-0.408
1.4,-0.272
1.41,0.048
1.42,0.28
1.43,0.392
1.44,0.216
1.45,-0.104
1.46,-0.328
1.47,-0.384
1.48,-0.128
1.49,0.16
1.5,0.352
1.51,0.36
1.52,0.08
1.53,-0.216
1.54,-0.384
1.55,-0.304
1.56,0.008
1.57,0.248
1.58,0.384
1.59,0.256
1.6,-0.056
1.61,-0.304
1.62,-0.384
1.63,-0.176
1.64,0.12
1.65,0.312
1.66,0.368
1.67,0.128
1.68,-0.168
1.69,-0.36
1.7,-0.32
1.71,-0.04
1.72,0.208
1.73,0.36
1.74,0.288
1.75,-0.008
1.76,-0.256
1.77,-0.376
1.78,-0.216
1.79,0.08
1.8,0.288
1.81,0.36
1.82,0.168
1.83,-0.12
1.84,-0.328
1.85,-0.336
1.86,-0.088
1.87,0.176
1.88,0.336
1.89,0.304
1.9,0.04
1.91,-0.224
1.92,-0.36
1.93,-0.248
1.94,0.032
1.95,0.256
1.96,0.352
1.97,0.208
1.98,-0.08
1.99,-0.296
2,-0.344
2.01,-0.128
2.02,0.136
2.03,0.312
2.04,0.32
2.05,0.08
2.06,-0.184
2.07,-0.336
2.08,-0.272
2.09,-0.008
2.1,0.216
2.11,0.336
2.12,0.232
2.13,-0.04
2.14,-0.264
2.15,-0.336
2.16,-0.168
2.17,0.096
2.18,0.28
2.19,0.32
2.2,0.12
2.21,-0.144
2.22,-0.32
2.23,-0.296
2.24,-0.048
2.25,0.184
2.26,0.32
2.27,0.256
2.28,0
2.29,-0.232
2.3,-0.328
2.31,-0.2
2.32,0.064
2.33,0.248
2.34,0.32
2.35,0.16
2.36,-0.104
2.37,-0.288
2.38,-0.304
2.39,-0.088
2.4,0.144
2.41,0.296
2.42,0.272
2.43,0.048
2.44,-0.192
2.45,-0.32
2.46,-0.224
2.47,0.024
2.48,0.224
2.49,0.312
2.5,0.192
2.51,-0.064
2.52,-0.256
2.53,-0.304
2.54,-0.128
2.55,0.112
2.56,0.272
2.57,0.288
2.58,0.08
2.59,-0.16
2.6,-0.304
2.61,-0.248
2.62,-0.016
2.63,0.192
2.64,0.304
2.65,0.216
2.66,-0.024
2.67,-0.232
2.68,-0.304
2.69,-0.16
2.7,0.08
2.71,0.256
2.72,0.288
2.73,0.12
2.74,-0.12
2.75,-0.28
2.76,-0.264
2.77,-0.056
2.78,0.16
2.79,0.288
2.8,0.232
2.81,0.008
2.82,-0.2
2.83,-0.296
2.84,-0.184
2.85,0.04
2.86,0.224
2.87,0.288
2.88,0.152
2.89,-0.08
2.9,-0.256
2.91,-0.272
2.92,-0.096
2.93,0.128
2.94,0.264
2.95,0.248
2.96,0.048
2.97,-0.168
2.98,-0.28
2.99,-0.208
3,0.008
3.01,0.2
3.02,0.28
3.03,0.176
3.04,-0.048
3.05,-0.232
3.06,-0.272
3.07,-0.12
3.08,0.096
3.09,0.248
3.1,0.256
3.11,0.08
3.12,-0.128
3.13,-0.264
3.14,-0.232
3.15,-0.024
3.16,0.16
3.17,0.272
3.18,0.2
3.19,-0.016
3.2,-0.2
3.21,-0.272
3.22,-0.144
3.23,0.064
3.24,0.224
3.25,0.256
3.26,0.112
3.27,-0.104
3.28,-0.248
3.29,-0.24
3.3,-0.064
3.31,0.136
3.32,0.256
3.33,0.216
3.34,0.024
3.35,-0.176
3.36,-0.264
3.37,-0.176
3.38,0.024
3.39,0.192
3.4,0.256
3.41,0.144
3.42,-0.072
3.43,-0.224
3.44,-0.248
3.45,-0.088
3.46,0.104
3.47,0.232
3.48,0.224
3.49,0.056
3.5,-0.144
3.51,-0.248
3.52,-0.192
3.53,0
3.54,0.176
3.55,0.248
3.56,0.16
3.57,-0.032
3.58,-0.2
3.59,-0.248
3.6,-0.112
3.61,0.08
3.62,0.216
3.63,0.232
3.64,0.08
3.65,-0.112
3.66,-0.24
3.67,-0.208
3.68,-0.032
3.69,0.144
3.7,0.24
3.71,0.176
3.72,0
3.73,-0.176
3.74,-0.24
3.75,-0.144
3.76,0.048
3.77,0.192
3.78,0.232
3.79,0.104
3.8,-0.088
3.81,-0.224
3.82,-0.216
3.83,-0.064
3.84,0.12
3.85,0.224
3.86,0.192
3.87,0.024
3.88,-0.152
3.89,-0.24
3.9,-0.16
3.91,0.024
3.92,0.176
3.93,0.232
3.94,0.128
3.95,-0.056
3.96,-0.2
3.97,-0.216
3.98,-0.088
3.99,0.096
4,0.208
4.01,0.2
4.02,0.056
4.03,-0.128
4.04,-0.224
4.05,-0.176
4.06,-0.008
4.07,0.152
4.08,0.224
4.09,0.152
4.1,-0.024
4.11,-0.176
4.12,-0.216
4.13,-0.112
4.14,0.064
4.15,0.192
4.16,0.208
4.17,0.08
4.18,-0.096
4.19,-0.208
4.2,-0.184
4.21,-0.032
4.22,0.128
4.23,0.216
4.24,0.168
4.25,0
4.26,-0.16
4.27,-0.216
4.28,-0.128
4.29,0.04
4.3,0.168
4.31,0.208
4.32,0.104
4.33,-0.072
4.34,-0.192
4.35,-0.192
4.36,-0.064
4.37,0.096
4.38,0.2
4.39,0.176
4.4,0.032
4.41,-0.128
4.42,-0.208
4.43,-0.144
4.44,0.016
4.45,0.152
4.46,0.208
4.47,0.12
4.48,-0.048
4.49,-0.176
4.5,-0.2
4.51,-0.088
4.52,0.08
4.53,0.184
4.54,0.184
4.55,0.056
4.56,-0.104
4.57,-0.2
4.58,-0.16
4.59,-0.016
4.6,0.136
4.61,0.2
4.62,0.136
4.63,-0.016
4.64,-0.16
4.65,-0.2
4.66,-0.104
4.67,0.056
4.68,0.176
4.69,0.184
4.7,0.08
4.71,-0.088
4.72,-0.192
4.73,-0.176
4.74,-0.032
4.75,0.112
4.76,0.192
4.77,0.152
4.78,0.008
4.79,-0.128
4.8,-0.192
4.81,-0.12
4.82,0.024
4.83,0.152
4.84,0.192
4.85,0.096
4.86,-0.056
4.87,-0.176
4.88,-0.176
4.89,-0.056
4.9,0.088
4.91,0.176
4.92,0.16
4.93,0.032
4.94,-0.112
4.95,-0.184
4.96,-0.136
4.97,0.008
4.98,0.136
4.99,0.184
5,0.112
5.01,-0.032
5.02,-0.16
5.03,-0.176
5.04,-0.08
5.05,0.064
5.06,0.16
5.07,0.168
5.08,0.056
5.09,-0.096
5.1,-0.184
5.11,-0.144
5.12,-0.016
5.13,0.12
5.14,0.176
5.15,0.128
5.16,-0.016
5.17,-0.136
5.18,-0.176
5.19,-0.096
5.2,0.048
5.21,0.152
5.22,0.168
5.23,0.072
5.24,-0.072
5.25,-0.168
5.26,-0.16
5.27,-0.04
5.28,0.096
5.29,0.168
5.3,0.136
5.31,0.016
5.32,-0.12
5.33,-0.176
5.34,-0.112
5.35,0.024
5.36,0.136
5.37,0.168
5.38,0.088
5.39,-0.048
5.4,-0.152
5.41,-0.16
5.42,-0.056
5.43,0.08
5.44,0.16
5.45,0.144
5.46,0.024
5.47,-0.104
5.48,-0.168
5.49,-0.12
5.5,0
5.51,0.12
5.52,0.16
5.53,0.104
5.54,-0.024
5.55,-0.136
5.56,-0.16
5.57,-0.072
5.58,0.056
5.59,0.152
5.6,0.152
5.61,0.048
5.62,-0.08
5.63,-0.16
5.64,-0.136
5.65,-0.024
5.66,0.096
5.67,0.16
5.68,0.112
5.69,-0.008
5.7,-0.12
5.71,-0.16
5.72,-0.088
5.73,0.032
5.74,0.136
5.75,0.152
5.76,0.064
5.77,-0.064
5.78,-0.152
5.79,-0.136
5.8,-0.032
5.81,0.08
5.82,0.152
5.83,0.128
5.84,0.016
5.85,-0.104
5.86,-0.16
5.87,-0.104
5.88,0.016
5.89,0.12
5.9,0.152
5.91,0.08
5.92,-0.04
5.93,-0.136
5.94,-0.144
5.95,-0.056
5.96,0.064
5.97,0.144
5.98,0.128
5.99,0.032
6,-0.088
6.01,-0.152
6.02,-0.112
6.03,0
6.04,0.104
6.05,0.152
6.06,0.096
6.07,-0.024
6.08,-0.12
6.09,-0.144
6.1,-0.072
6.11,0.048
6.12,0.136
6.13,0.136
6.14,0.048
6.15,-0.072
6.16,-0.144
6.17,-0.12
6.18,-0.016
6.19,0.088
6.2,0.144
6.21,0.104
6.22,0
6.23,-0.104
6.24,-0.144
6.25,-0.08
6.26,0.032
6.27,0.12
6.28,0.136
6.29,0.064
6.3,-0.048
6.31,-0.136
6.32,-0.128
6.33,-0.032
6.34,0.08
6.35,0.136
6.36,0.112
6.37,0.016
6.38,-0.096
6.39,-0.144
6.4,-0.088
6.41,0.016
6.42,0.112
6.43,0.136
6.44,0.072
6.45,-0.032
6.46,-0.12
6.47,-0.128
6.48,-0.048
6.49,0.056
6.5,0.128
6.51,0.12
6.52,0.032
6.53,-0.08
6.54,-0.136
6.55,-0.104
6.56,0
6.57,0.088
6.58,0.136
6.59,0.088
6.6,-0.016
6.61,-0.112
6.62,-0.128
6.63,-0.064
6.64,0.04
6.65,0.12
6.66,0.12
6.67,0.04
6.68,-0.064
6.69,-0.128
6.7,-0.112
6.71,-0.016
6.72,0.08
6.73,0.128
6.74,0.096
6.75,0
6.76,-0.096
6.77,-0.128
6.78,-0.08
6.79,0.024
6.8,0.112
6.81,0.128
6.82,0.056
6.83,-0.048
6.84,-0.12
6.85,-0.112
6.86,-0.032
6.87,0.064
6.88,0.12
6.89,0.104
6.9,0.016
6.91,-0.08
6.92,-0.128
6.93,-0.088
6.94,0.008
6.95,0.096
6.96,0.12
6.97,0.072
6.98,-0.032
6.99,-0.112
7,-0.112
7.01,-0.048
7.02,0.048
7.03,0.112
7.04,0.112
7.05,0.024
7.06,-0.072
7.07,-0.12
7.08,-0.088
7.09,0
7.1,0.088
7.11,0.12
7.12,0.08
7.13,-0.016
7.14,-0.104
7.15,-0.12
7.16,-0.056
7.17,0.04
7.18,0.112
7.19,0.112
7.2,0.04
7.21,-0.056
7.22,-0.112
7.23,-0.104
7.24,-0.016
7.25,0.072
7.26,0.12
7.27,0.088
7.28,0
7.29,-0.088
7.3,-0.112
7.31,-0.072
7.32,0.024
7.33,0.096
7.34,0.104
7.35,0.056
7.36,-0.04
7.37,-0.112
7.38,-0.104
7.39,-0.032
7.4,0.056
7.41,0.112
7.42,0.096
7.43,0.008
7.44,-0.072
7.45,-0.112
7.46,-0.072
7.47,0.008
7.48,0.088
7.49,0.112
7.5,0.064
7.51,-0.024
7.52,-0.096
7.53,-0.104
7.54,-0.048
7.55,0.048
7.56,0.104
7.57,0.096
7.58,0.024
7.59,-0.064
7.6,-0.112
7.61,-0.088
7.62,-0.008
7.63,0.08
7.64,0.112
7.65,0.072
7.66,-0.016
7.67,-0.088
7.68,-0.104
7.69,-0.056
7.7,0.032
7.71,0.096
7.72,0.096
7.73,0.04
7.74,-0.048
7.75,-0.104
7.76,-0.088
7.77,-0.016
7.78,0.064
7.79,0.104
7.8,0.08
7.81,0.008
7.82,-0.08
7.83,-0.104
7.84,-0.064
7.85,0.016
7.86,0.088
7.87,0.096
7.88,0.048
7.89,-0.032
7.9,-0.096
7.91,-0.096
7.92,-0.032
7.93,0.056
7.94,0.096
7.95,0.088
7.96,0.016
7.97,-0.064
7.98,-0.104
7.99,-0.072
8,0.008
8.01,0.08
8.02,0.096
8.03,0.064
8.04,-0.024
8.05,-0.088
8.06,-0.096
8.07,-0.04
8.08,0.04
8.09,0.096
8.1,0.088
8.11,0.024
8.12,-0.056
8.13,-0.104
8.14,-0.08
8.15,-0.008
8.16,0.072
8.17,0.096
8.18,0.064
8.19,-0.008
8.2,-0.08
8.21,-0.096
8.22,-0.048
8.23,0.024
8.24,0.088
8.25,0.088
8.26,0.032
8.27,-0.04
8.28,-0.088
8.29,-0.08
8.3,-0.016
8.31,0.056
8.32,0.096
8.33,0.072
8.34,0
8.35,-0.072
8.36,-0.096
8.37,-0.056
8.38,0.016
8.39,0.08
8.4,0.088
8.41,0.04
8.42,-0.032
8.43,-0.088
8.44,-0.088
8.45,-0.024
8.46,0.048
8.47,0.088
8.48,0.08
8.49,0.016
8.5,-0.056
8.51,-0.088
8.52,-0.064
8.53,0.008
8.54,0.072
8.55,0.088
8.56,0.056
8.57,-0.024
8.58,-0.08
8.59,-0.088
8.6,-0.04
8.61,0.032
8.62,0.088
8.63,0.08
8.64,0.024
8.65,-0.048
8.66,-0.088
8.67,-0.072
8.68,-0.008
8.69,0.064
8.7,0.088
8.71,0.064
8.72,-0.008
8.73,-0.072
8.74,-0.088
8.75,-0.048
8.76,0.024
8.77,0.08
8.78,0.08
8.79,0.032
8.8,-0.04
8.81,-0.088
8.82,-0.072
8.83,-0.016
8.84,0.048
8.85,0.088
8.86,0.064
8.87,0.008
8.88,-0.064
8.89,-0.088
8.9,-0.056
8.91,0.016
8.92,0.072
8.93,0.08
8.94,0.04
8.95,-0.032
8.96,-0.072
8.97,-0.072
8.98,-0.024
8.99,0.04
9,0.08
9.01,0.064
9.02,0.016
9.03,-0.048
9.04,-0.088
9.05,-0.056
9.06,0.008
9.07,0.064
9.08,0.08
9.09,0.048
9.1,-0.016
9.11,-0.072
9.12,-0.08
9.13,-0.032
9.14,0.032
9.15,0.072
9.16,0.072
9.17,0.024
9.18,-0.04
9.19,-0.08
9.2,-0.064
9.21,-0.008
9.22,0.056
9.23,0.08
9.24,0.056
9.25,-0.008
9.26,-0.064
9.27,-0.08
9.28,-0.04
9.29,0.024
9.3,0.072
9.31,0.08
9.32,0.032
9.33,-0.032
9.34,-0.072
9.35,-0.072
9.36,-0.016
9.37,0.04
9.38,0.08
9.39,0.064
9.4,0.008
9.41,-0.056
9.42,-0.072
9.43,-0.048
9.44,0.008
9.45,0.064
9.46,0.072
9.47,0.04
9.48,-0.024
9.49,-0.072
9.5,-0.072
9.51,-0.024
9.52,0.032
9.53,0.072
9.54,0.064
9.55,0.016
9.56,-0.048
9.57,-0.072
9.58,-0.056
9.59,0
9.6,0.056
9.61,0.072
9.62,0.04
9.63,-0.016
9.64,-0.064
9.65,-0.072
9.66,-0.032
9.67,0.024
9.68,0.064
9.69,0.064
9.7,0.024
9.71,-0.04
9.72,-0.072
9.73,-0.056
9.74,-0.008
9.75,0.048
9.76,0.072
9.77,0.048
9.78,-0.008
9.79,-0.056
9.8,-0.072
9.81,-0.032
9.82,0.016
9.83,0.064
9.84,0.072
9.85,0.024
9.86,-0.024
9.87,-0.064
9.88,-0.056
9.89,-0.016
9.9,0.04
9.91,0.064
9.92,0.056
9.93,0.008
9.94,-0.048
9.95,-0.072
9.96,-0.04
9.97,0.016
9.98,0.064
9.99,0.072
10,0.032
10.01,-0.016
10.02,-0.064
10.03,-0.064
10.04,-0.024
10.05,0.032
10.06,0.064
10.07,0.056
10.08,0.008
10.09,-0.04
10.1,-0.072
10.11,-0.048
10.12,0.008
10.13,0.048
10.14,0.064
10.15,0.04
10.16,-0.016
10.17,-0.056
10.18,-0.064
10.19,-0.032
10.2,0.024
10.21,0.056
10.22,0.056
10.23,0.024
10.24,-0.032
10.25,-0.064
10.26,-0.048
10.27,-0.008
10.28,0.04
10.29,0.064
10.3,0.048
10.31,-0.008
10.32,-0.048
10.33,-0.056
10.34,-0.032
10.35,0.016
10.36,0.056
10.37,0.064
10.38,0.024
10.39,-0.032
10.4,-0.064
10.41,-0.048
10.42,-0.016
10.43,0.032
10.44,0.064
10.45,0.048
10.46,0
10.47,-0.048
10.48,-0.064
10.49,-0.04
10.5,0.008
10.51,0.048
10.52,0.064
10.53,0.032
10.54,-0.016
10.55,-0.056
10.56,-0.048
10.57,-0.016
10.58,0.032
10.59,0.056
10.6,0.056
10.61,0.008
10.62,-0.032
10.63,-0.056
10.64,-0.04
10.65,0
10.66,0.048
10.67,0.056
10.68,0.032
10.69,-0.008
10.7,-0.048
10.71,-0.056
10.72,-0.024
10.73,0.024
10.74,0.056
10.75,0.048
10.76,0.016
10.77,-0.032
10.78,-0.056
10.79,-0.048
10.8,0
10.81,0.04
10.82,0.056
10.83,0.04
10.84,0
10.85,-0.048
10.86,-0.056
10.87,-0.032
10.88,0.016
10.89,0.048
10.9,0.056
10.91,0.024
10.92,-0.024
10.93,-0.048
10.94,-0.048
10.95,-0.008
10.96,0.032
10.97,0.056
10.98,0.04
10.99,0.008
11,-0.032
11.01,-0.048
11.02,-0.032
11.03,0.008
11.04,0.048
11.05,0.056
11.06,0.024
11.07,-0.016
11.08,-0.048
11.09,-0.048
11.1,-0.016
11.11,0.024
11.12,0.048
11.13,0.048
11.14,0.008
11.15,-0.032
11.16,-0.056
11.17,-0.04
11.18,0
11.19,0.04
11.2,0.056
11.21,0.032
11.22,-0.008
11.23,-0.048
11.24,-0.048
11.25,-0.024
11.26,0.016
11.27,0.048
11.28,0.048
11.29,0.024
11.3,-0.024
11.31,-0.048
11.32,-0.04
11.33,-0.008
11.34,0.032
11.35,0.048
11.36,0.04
11.37,0
11.38,-0.04
11.39,-0.048
11.4,-0.032
11.41,0.016
11.42,0.04
11.43,0.048
11.44,0.024
11.45,-0.016
11.46,-0.048
11.47,-0.048
11.48,-0.016
11.49,0.024
11.5,0.048
11.51,0.04
11.52,0.008
11.53,-0.032
11.54,-0.048
11.55,-0.032
11.56,0.008
11.57,0.04
11.58,0.048
11.59,0.024
11.6,-0.016
11.61,-0.048
11.62,-0.048
11.63,-0.016
11.64,0.024
11.65,0.048
11.66,0.04
11.67,0.008
11.68,-0.032
11.69,-0.048
11.7,-0.032
11.71,0
11.72,0.04
11.73,0.048
11.74,0.032
11.75,-0.008
11.76,-0.04
11.77,-0.048
11.78,-0.024
11.79,0.016
11.8,0.048
11.81,0.04
11.82,0.016
11.83,-0.024
11.84,-0.048
11.85,-0.04
11.86,0
11.87,0.032
11.88,0.04
11.89,0.032
11.9,0
11.91,-0.04
11.92,-0.048
11.93,-0.024
11.94,0.008
11.95,0.04
11.96,0.048
11.97,0.016
11.98,-0.016
11.99,-0.04
12,-0.04
12.01,-0.016
12.02,0.024
12.03,0.04
12.04,0.032
12.05,0.008
12.06,-0.032
12.07,-0.048
12.08,-0.032
12.09,0.008
12.1,0.032
12.11,0.04
12.12,0.024
12.13,-0.016
12.14,-0.04
12.15,-0.04
12.16,-0.016
12.17,0.024
12.18,0.04
12.19,0.04
12.2,0.008
12.21,-0.024
12.22,-0.04
12.23,-0.032
12.24,0
12.25,0.032
12.26,0.04
12.27,0.024
12.28,-0.008
12.29,-0.032
12.3,-0.04
12.31,-0.016
12.32,0.016
12.33,0.04
12.34,0.032
12.35,0.016
12.36,-0.024
12.37,-0.04
12.38,-0.04
12.39,-0.008
12.4,0.024
12.41,0.04
12.42,0.032
12.43,0
12.44,-0.032
12.45,-0.04
12.46,-0.024
12.47,0.008
12.48,0.032
12.49,0.04
12.5,0.024
12.51,-0.016
12.52,-0.04
12.53,-0.032
12.54,-0.008
12.55,0.024
12.56,0.04
12.57,0.032
12.58,0
12.59,-0.024
12.6,-0.048
12.61,-0.024
12.62,0.008
12.63,0.032
12.64,0.04
12.65,0.024
12.66,-0.008
12.67,-0.04
12.68,-0.04
12.69,-0.016
12.7,0.024
12.71,0.04
12.72,0.032
12.73,0.008
12.74,-0.024
12.75,-0.04
12.76,-0.032
12.77,0
12.78,0.024
12.79,0.04
12.8,0.024
12.81,-0.008
12.82,-0.032
12.83,-0.04
12.84,-0.016
12.85,0.016
12.86,0.032
12.87,0.032
12.88,0.016
12.89,-0.016
12.9,-0.04
12.91,-0.032
12.92,-0.008
12.93,0.024
12.94,0.04
12.95,0.024
12.96,0
12.97,-0.024
12.98,-0.032
12.99,-0.016
13,0.008
13.01,0.032
13.02,0.04
13.03,0.016
13.04,-0.016
13.05,-0.032
13.06,-0.032
13.07,-0.008
13.08,0.024
13.09,0.032
13.1,0.024
13.11,0.008
13.12,-0.024
13.13,-0.04
13.14,-0.024
13.15,0.008
13.16,0.024
13.17,0.032
13.18,0.024
13.19,-0.008
13.2,-0.032
13.21,-0.032
13.22,-0.016
13.23,0.016
13.24,0.032
13.25,0.032
13.26,0.008
13.27,-0.016
13.28,-0.032
13.29,-0.024
13.3,0
13.31,0.024
13.32,0.04
13.33,0.024
13.34,-0.008
13.35,-0.032
13.36,-0.032
13.37,-0.016
13.38,0.016
13.39,0.032
13.4,0.032
13.41,0.008
13.42,-0.016
13.43,-0.032
13.44,-0.024
13.45,0
13.46,0.024
13.47,0.032
13.48,0.024
13.49,0
13.5,-0.024
13.51,-0.032
13.52,-0.016
13.53,0.008
13.54,0.032
13.55,0.032
13.56,0.016
13.57,-0.008
13.58,-0.032
13.59,-0.032
13.6,-0.008
13.61,0.024
13.62,0.032
13.63,0.024
13.64,0
13.65,-0.024
13.66,-0.032
13.67,-0.024
13.68,0.008
13.69,0.024
13.7,0.032
13.71,0.024
13.72,-0.008
13.73,-0.032
13.74,-0.032
13.75,-0.008
13.76,0.016
13.77,0.032
13.78,0.024
13.79,0.008
13.8,-0.016
13.81,-0.032
13.82,-0.024
13.83,0
13.84,0.024
13.85,0.032
13.86,0.024
13.87,0
13.88,-0.024
13.89,-0.032
13.9,-0.016
13.91,0.016
13.92,0.032
13.93,0.024
13.94,0.008
13.95,-0.016
13.96,-0.024
13.97,-0.024
13.98,-0.008
13.99,0.024
14,0.024
14.01,0.024
14.02,0
14.03,-0.024
14.04,-0.032
14.05,-0.016
14.06,0.008
14.07,0.024
14.08,0.032
14.09,0.016
14.1,-0.008
14.11,-0.032
14.12,-0.032
14.13,-0.008
14.14,0.024
14.15,0.032
14.16,0.024
14.17,0.008
14.18,-0.024
14.19,-0.032
14.2,-0.016
14.21,0.008
14.22,0.024
14.23,0.024
14.24,0.016
14.25,-0.008
14.26,-0.024
14.27,-0.024
14.28,-0.008
14.29,0.016
14.3,0.024
14.31,0.024
14.32,0.008
14.33,-0.016
14.34,-0.032
14.35,-0.024
14.36,0
14.37,0.024
14.38,0.032
14.39,0.016
14.4,-0.008
14.41,-0.024
14.42,-0.024
14.43,-0.016
14.44,0.008
14.45,0.024
14.46,0.024
14.47,0.008
14.48,-0.016
14.49,-0.024
14.5,-0.024
14.51,0
14.52,0.016
14.53,0.024
14.54,0.024
14.55,0
14.56,-0.024
14.57,-0.032
14.58,-0.016
14.59,0.008
14.6,0.024
14.61,0.024
14.62,0.016
14.63,-0.016
14.64,-0.024
14.65,-0.024
14.66,-0.008
14.67,0.016
14.68,0.024
14.69,0.024
14.7,0.008
14.71,-0.016
14.72,-0.032
14.73,-0.016
14.74,0.008
14.75,0.024
14.76,0.024
14.77,0.016
14.78,-0.008
14.79,-0.024
14.8,-0.024
14.81,-0.008
14.82,0.016
14.83,0.024
14.84,0.024
14.85,0.008
14.86,-0.016
14.87,-0.024
14.88,-0.016
14.89,0
14.9,0.024
14.91,0.024
14.92,0.016
14.93,0
14.94,-0.024
14.95,-0.024
14.96,-0.008
14.97,0.008
14.98,0.024
14.99,0.024
15,0.008
15.01,-0.016
15.02,-0.024
15.03,-0.016
15.04,0
15.05,0.024
15.06,0.024
15.07,0.016
15.08,0
15.09,-0.016
15.1,-0.024
15.11,-0.016
15.12,0.008
15.13,0.024
15.14,0.024
15.15,0.016
15.16,-0.008
15.17,-0.024
15.18,-0.024
15.19,0
15.2,0.016
15.21,0.024
15.22,0.024
15.23,0
15.24,-0.016
15.25,-0.024
15.26,-0.016
15.27,0.008
15.28,0.024
15.29,0.024
15.3,0.016
15.31,0
15.32,-0.024
15.33,-0.024
15.34,-0.008
15.35,0.016
15.36,0.024
15.37,0.024
15.38,0.008
15.39,-0.016
15.4,-0.024
15.41,-0.016
15.42,0
15.43,0.024
15.44,0.024
15.45,0.016
15.46,0
15.47,-0.016
15.48,-0.024
15.49,-0.016
15.5,0.008
15.51,0.024
15.52,0.024
15.53,0.008
15.54,-0.008
15.55,-0.024
15.56,-0.016
15.57,0
15.58,0.016
15.59,0.024
15.6,0.016
15.61,0
15.62,-0.016
15.63,-0.024
15.64,-0.016
15.65,0.008
15.66,0.024
15.67,0.024
15.68,0.008
15.69,-0.008
15.7,-0.024
15.71,-0.016
15.72,0
15.73,0.016
15.74,0.024
15.75,0.024
15.76,0.008
15.77,-0.016
15.78,-0.024
15.79,-0.016
15.8,0
15.81,0.016
15.82,0.024
15.83,0.016
15.84,-0.008
15.85,-0.016
15.86,-0.024
15.87,-0.008
15.88,0.008
15.89,0.024
15.9,0.024
15.91,0.008
15.92,-0.016
15.93,-0.024
15.94,-0.016
15.95,0
15.96,0.016
15.97,0.024
15.98,0.016
15.99,0
16,-0.016
16.01,-0.016
16.02,-0.008
16.03,0.008
16.04,0.016
16.05,0.024
16.06,0.008
16.07,-0.008
16.08,-0.016
16.09,-0.016
16.1,0
16.11,0.016
16.12,0.024
16.13,0.016
16.14,0.008
16.15,-0.016
16.16,-0.016
16.17,-0.016
16.18,0.008
16.19,0.024
16.2,0.024
16.21,0.008
16.22,-0.008
16.23,-0.016
16.24,-0.016
16.25,0
16.26,0.008
16.27,0.024
16.28,0.016
16.29,0.008
16.3,-0.016
16.31,-0.016
16.32,-0.016
16.33,0.008
16.34,0.024
16.35,0.024
16.36,0.008
16.37,0
16.38,-0.016
16.39,-0.016
16.4,-0.008
16.41,0.008
16.42,0.016
16.43,0.024
16.44,0.008
16.45,-0.008
16.46,-0.016
16.47,-0.016
16.48,0
16.49,0.016
16.5,0.016
16.51,0.008
16.52,0
16.53,-0.016
16.54,-0.016
16.55,-0.008
16.56,0.008
16.57,0.024
16.58,0.016
16.59,0.008
16.6,-0.008
16.61,-0.016
16.62,-0.016
16.63,0
16.64,0.016
16.65,0.024
16.66,0.016
16.67,0
16.68,-0.016
16.69,-0.016
16.7,-0.008
16.71,0.008
16.72,0.024
16.73,0.016
16.74,0.008
16.75,0
16.76,-0.016
16.77,-0.016
16.78,-0.008
16.79,0.008
16.8,0.016
16.81,0.016
16.82,0.008
16.83,-0.016
16.84,-0.016
16.85,-0.016
16.86,0.008
16.87,0.016
16.88,0.016
16.89,0.008
16.9,0
16.91,-0.016
16.92,-0.016
16.93,-0.008
16.94,0.008
16.95,0.016
16.96,0.016
16.97,0.008
16.98,-0.008
16.99,-0.016
17,-0.008
17.01,0
17.02,0.016
17.03,0.016
17.04,0.016
17.05,0
17.06,-0.016
17.07,-0.016
17.08,-0.008
17.09,0.008
17.1,0.016
17.11,0.016
17.12,0.008
17.13,-0.008
17.14,-0.016
17.15,-0.016
17.16,0
17.17,0.016
17.18,0.024
17.19,0.008
17.2,0
17.21,-0.008
17.22,-0.016
17.23,-0.008
17.24,0.008
17.25,0.016
17.26,0.016
17.27,0.008
17.28,0
17.29,-0.016
17.3,-0.016
17.31,0
17.32,0.008
17.33,0.016
17.34,0.016
17.35,0
17.36,-0.008
17.37,-0.016
17.38,-0.008
17.39,0
17.4,0.008
17.41,0.016
17.42,0.008
17.43,0
17.44,-0.016
17.45,-0.016
17.46,-0.008
17.47,0.008
17.48,0.016
17.49,0.016
17.5,0.008
17.51,-0.008
17.52,-0.016
17.53,-0.008
17.54,0
17.55,0.008
17.56,0.016
17.57,0.008
17.58,0
17.59,-0.016
17.6,-0.016
17.61,-0.008
17.62,0.008
17.63,0.016
17.64,0.016
17.65,0.008
17.66,-0.008
17.67,-0.016
17.68,-0.016
17.69,0
17.7,0.008
17.71,0.016
17.72,0.016
17.73,0
17.74,-0.016
17.75,-0.016
17.76,0
17.77,0
17.78,0.016
17.79,0.016
17.8,0.008
17.81,0
17.82,-0.016
17.83,-0.016
17.84,0
17.85,0.008
17.86,0.016
17.87,0.008
17.88,0
17.89,-0.008
17.9,-0.016
17.91,-0.008
17.92,0
17.93,0.016
17.94,0.016
17.95,0.008
17.96,0
17.97,-0.016
17.98,-0.008
17.99,0
18,0.008
18.01,0.016
18.02,0.016
18.03,0.008
18.04,-0.008
18.05,-0.016
18.06,-0.008
18.07,0
18.08,0.008
18.09,0.016
18.1,0.008
18.11,0
18.12,-0.008
18.13,-0.016
18.14,-0.008
18.15,0.008
18.16,0.016
18.17,0.016
18.18,0.008
18.19,-0.008
18.2,-0.016
18.21,-0.016
18.22,0
18.23,0.008
18.24,0.016
18.25,0.008
18.26,0
18.27,-0.008
18.28,-0.016
18.29,-0.008
18.3,0.008
18.31,0.016
18.32,0.016
18.33,0.008
18.34,-0.008
18.35,-0.008
18.36,-0.008
18.37,0
18.38,0.008
18.39,0.016
18.4,0.008
18.41,0
18.42,-0.008
18.43,-0.016
18.44,-0.008
18.45,0.008
18.46,0.008
18.47,0.016
18.48,0.008
18.49,0
18.5,-0.008
18.51,-0.016
18.52,-0.008
18.53,0.008
18.54,0.016
18.55,0.008
18.56,0.008
18.57,-0.008
18.58,-0.016
18.59,-0.008
18.6,0
18.61,0.008
18.62,0.016
18.63,0.008
18.64,0
18.65,-0.008
18.66,-0.016
18.67,0
18.68,0.008
18.69,0.008
18.7,0.008
18.71,0.008
18.72,0
18.73,-0.008
18.74,-0.008
18.75,0
18.76,0.008
18.77,0.016
18.78,0.008
18.79,0
18.8,-0.008
18.81,-0.016
18.82,0
18.83,0.008
18.84,0.008
18.85,0.016
18.86,0.008
18.87,0
18.88,-0.008
18.89,-0.016
18.9,0
18.91,0.008
18.92,0.016
18.93,0.008
18.94,0
18.95,-0.008
18.96,-0.008
18.97,-0.008
18.98,0
18.99,0.008
19,0.016
19.01,0.008
19.02,-0.008
19.03,-0.016
19.04,-0.008
19.05,0
19.06,0.008
19.07,0.016
19.08,0.016
19.09,0
19.1,0
19.11,-0.008
19.12,-0.008
19.13,0
19.14,0.008
19.15,0.016
19.16,0.008
19.17,0
19.18,-0.008
19.19,-0.008
19.2,0
19.21,0.008
19.22,0.016
19.23,0.016
19.24,0
19.25,-0.008
19.26,-0.008
19.27,-0.008
19.28,0
19.29,0.008
19.3,0.008
19.31,0.008
19.32,0
19.33,-0.008
19.34,-0.008
19.35,-0.008
19.36,0
19.37,0.008
19.38,0.008
19.39,0.008
19.4,0
19.41,-0.008
19.42,-0.008
19.43,0
19.44,0.008
19.45,0.016
19.46,0.008
19.47,0
19.48,-0.008
19.49,-0.016
19.5,-0.008
19.51,0
19.52,0.008
19.53,0.008
19.54,0.008
19.55,0
19.56,-0.008
19.57,-0.008
19.58,0
19.59,0.008
19.6,0.016
19.61,0.008
19.62,0.008
19.63,0
19.64,-0.008
19.65,-0.008
19.66,0
19.67,0.008
19.68,0.016
19.69,0.008
19.7,0
19.71,-0.008
19.72,-0.008
19.73,0
19.74,0.008
19.75,0.008
19.76,0.008
19.77,0.008
19.78,0
19.79,-0.008
19.8,-0.008
19.81,0
19.82,0.008
19.83,0.008
19.84,0.008
19.85,0
19.86,-0.008
19.87,-0.008
19.88,-0.008
19.89,0.008
19.9,0.008
19.91,0.008
19.92,0.008
19.93,0
19.94,-0.008
19.95,-0.008
19.96,0
19.97,0.008
19.98,0.016
19.99,0.008
20,0
20.01,-0.008
20.02,-0.008
20.03,-0.008
20.04,0
20.05,0.008
20.06,0.008
20.07,0.008
20.08,0
20.09,-0.008
20.1,-0.008
20.11,0
20.12,0.008
20.13,0.008
20.14,0.008
20.15,0
20.16,0
20.17,-0.008
20.18,-0.008
20.19,0
20.2,0.008
20.21,0.008
20.22,0.008
20.23,0
20.24,-0.008
20.25,-0.008
20.26,-0.008
20.27,0.008
20.28,0.008
20.29,0.008
20.3,0.008
20.31,-0.008
20.32,-0.008
20.33,-0.008
20.34,0
20.35,0.008
20.36,0.008
20.37,0.008
20.38,0
20.39,-0.008
20.4,-0.008
20.41,0
20.42,0.008
20.43,0.008
20.44,0.008
20.45,0.008
20.46,0
20.47,-0.008
20.48,-0.008
20.49,0
20.5,0.008
20.51,0.008
20.52,0.008
20.53,0
20.54,-0.008
20.55,-0.008
20.56,-0.008
20.57,0
20.58,0.008
20.59,0.008
20.6,0.008
20.61,0
20.62,-0.008
20.63,-0.008
20.64,0
20.65,0.008
20.66,0.008
20.67,0.008
20.68,0
20.69,0
20.7,-0.016
20.71,-0.008
20.72,0.008
20.73,0.008
20.74,0.008
20.75,0.008
20.76,0
20.77,-0.008
20.78,-0.008
20.79,-0.008
20.8,0.008
20.81,0.008
20.82,0.008
20.83,0.008
20.84,-0.008
20.85,-0.008
20.86,-0.008
20.87,0.008
20.88,0.008
20.89,0.016
20.9,0.008
20.91,0.008
20.92,0
20.93,-0.008
20.94,0
20.95,0
20.96,0.008
20.97,0.008
20.98,0
20.99,-0.008
21,-0.008
21.01,-0.008
21.02,0
21.03,0.008
21.04,0.008
21.05,0.008
21.06,0
21.07,0
21.08,-0.008
21.09,-0.008
21.1,0.008
21.11,0.008
21.12,0.008
21.13,0.008
21.14,0
21.15,-0.008
21.16,-0.008
21.17,0
21.18,0.008
21.19,0.008
21.2,0.008
21.21,0
21.22,-0.008
21.23,-0.008
21.24,0
21.25,0
21.26,0.008
21.27,0.008
21.28,0.008
21.29,0
21.3,0
21.31,-0.008
21.32,0
21.33,0
21.34,0.008
21.35,0.008
21.36,0.008
21.37,0
21.38,-0.008
21.39,-0.008
21.4,0
21.41,0.008
21.42,0.008
21.43,0.008
21.44,0
21.45,-0.008
21.46,-0.008
21.47,0
21.48,0.008
21.49,0.008
21.5,0.008
21.51,0
21.52,0
21.53,-0.008
21.54,-0.008
21.55,0
21.56,0.008
21.57,0.008
21.58,0.008
21.59,0
21.6,-0.008
21.61,-0.008
21.62,0
21.63,0.008
21.64,0.008
21.65,0.008
21.66,0.008
21.67,0
21.68,-0.008
21.69,-0.008
21.7,0
21.71,0.008
21.72,0.008
21.73,0.008
21.74,0
21.75,0
21.76,0
21.77,0
21.78,0
21.79,0.008
21.8,0.008
21.81,0.008
21.82,0.008
21.83,-0.008
21.84,-0.008
21.85,0
21.86,0.008
21.87,0.008
21.88,0.008
21.89,0
21.9,0
21.91,-0.008
21.92,-0.008
21.93,0
21.94,0.008
21.95,0.008
21.96,0.008
21.97,0
21.98,0
21.99,-0.008
22,0
22.01,0
22.02,0.008
22.03,0.008
22.04,-1.032
22.05,-1.032
22.06,-1.032
22.07,-1.032
22.08,-1.032
22.09,-1.032
22.1,-1.032
22.11,-1.032
22.12,-1.032
22.13,-1.032
22.14,-1.032
22.15,-1.032
22.16,-1.032
22.17,-1.032
22.18,-1.032
22.19,-1.032
22.2,-1.032
22.21,-1.032
22.22,-1.032
22.23,-1.032
22.24,-1.032
22.25,-1.032
22.26,-1.032
22.27,-1.032
22.28,-1.032
22.29,-1.032
22.3,-1.032
22.31,-1.032
22.32,-1.032
22.33,-1.032
22.34,-1.032
22.35,-1.032
22.36,-1.032
22.37,-1.032
22.38,-1.032
22.39,-1.032
22.4,-1.032
22.41,-1.032
22.42,-1.032
22.43,-1.032
22.44,-1.032
22.45,-1.032
22.46,-1.032
22.47,-1.032
22.48,-1.032
22.49,-1.032
22.5,-1.032
22.51,-1.032
22.52,-1.032
22.53,-1.032
22.54,-1.032
22.55,-1.032
22.56,-1.032
22.57,-1.032
22.58,-1.032
22.59,-1.032
22.6,-1.032
22.61,-1.032
22.62,-1.032
22.63,-1.032
22.64,-1.032
22.65,-1.032
22.66,-1.032
22.67,-1.032
22.68,-1.032
22.69,-1.032
22.7,-1.032
22.71,-1.032
22.72,-1.032
22.73,-1.032
22.74,-1.032
22.75,-1.032
22.76,-1.032
22.77,-1.032
22.78,-1.032
22.79,-1.032
22.8,-1.032
22.81,-1.032
22.82,-1.032
22.83,-1.032
22.84,-1.032
22.85,-1.032
22.86,-1.032
22.87,-1.032
22.88,-1.032
22.89,-1.032
22.9,-1.032
22.91,-1.032
22.92,-1.032
22.93,-1.032
22.94,-1.032
22.95,-1.032
22.96,-1.032
22.97,-1.032
22.98,-1.032
22.99,-1.032
23,-1.032
23.01,-1.032
23.02,-1.032
23.03,-1.032
23.04,-1.032
23.05,-1.032
23.06,-1.032
23.07,-1.032
23.08,-1.032
23.09,-1.032
23.1,-1.032
23.11,-1.032
23.12,-1.032
23.13,-1.032
23.14,-1.032
23.15,-1.032
23.16,-1.032
23.17,-1.032
23.18,-1.032
23.19,-1.032
23.2,-1.032
23.21,-1.032
23.22,-1.032
23.23,-1.032
23.24,-1.032
23.25,-1.032
23.26,-1.032
23.27,-1.032
23.28,-1.032
23.29,-1.032
23.3,-1.032
23.31,-1.032
23.32,-1.032
23.33,-1.032
23.34,-1.032
23.35,-1.032
23.36,-1.032
23.37,-1.032
23.38,-1.032
23.39,-1.032
23.4,-1.032
23.41,-1.032
23.42,-1.032
23.43,-1.032
23.44,-1.032
23.45,-1.032
23.46,-1.032
23.47,-1.032
23.48,-1.032
23.49,-1.032
23.5,-1.032
23.51,-1.032
23.52,-1.032
23.53,-1.032
23.54,-1.032
23.55,-1.032
23.56,-1.032
23.57,-1.032
23.58,-1.032
23.59,-1.032
23.6,-1.032
23.61,-1.032
23.62,-1.032
23.63,-1.032
23.64,-1.032
23.65,-1.032
23.66,-1.032
23.67,-1.032
23.68,-1.032
23.69,-1.032
23.7,-1.032
23.71,-1.032
23.72,-1.032
23.73,-1.032
23.74,-1.032
23.75,-1.032
23.76,-1.032
23.77,-1.032
23.78,-1.032
23.79,-1.032
23.8,-1.032
23.81,-1.032
23.82,-1.032
23.83,-1.032
23.84,-1.032
23.85,-1.032
23.86,-1.032
23.87,-1.032
23.88,-1.032
23.89,-1.032
23.9,-1.032
23.91,-1.032
23.92,-1.032
23.93,-1.032
23.94,-1.032
23.95,-1.032
23.96,-1.032
23.97,-1.032
23.98,-1.032
23.99,-1.032
24,-1.032
24.01,-1.032
24.02,-1.032
24.03,-1.032
24.04,-1.032
24.05,-1.032
24.06,-1.032
24.07,-1.032
24.08,-1.032
24.09,-1.032
24.1,-1.032
24.11,-1.032
24.12,-1.032
24.13,-1.032
24.14,-1.032
24.15,-1.032
24.16,-1.032
24.17,-1.032
24.18,-1.032
24.19,-1.032
24.2,-1.032
24.21,-1.032
24.22,-1.032
24.23,-1.032
24.24,-1.032
24.25,-1.032
24.26,-1.032
24.27,-1.032
24.28,-1.032
24.29,-1.032
24.3,-1.032
24.31,-1.032
24.32,-1.032
24.33,-1.032
24.34,-1.032
24.35,-1.032
24.36,-1.032
24.37,-1.032
24.38,-1.032
24.39,-1.032
24.4,-1.032
24.41,-1.032
24.42,-1.032
24.43,-1.032
24.44,-1.032
24.45,-1.032
24.46,-1.032
24.47,-1.032
24.48,-1.032
24.49,-1.032
24.5,-1.032
24.51,-1.032
24.52,-1.032
24.53,-1.032
24.54,-1.032
24.55,-1.032
24.56,-1.032
24.57,-1.032
24.58,-1.032
24.59,-1.032
24.6,-1.032
24.61,-1.032
24.62,-1.032
24.63,-1.032
24.64,-1.032
24.65,-1.032
24.66,-1.032
24.67,-1.032
24.68,-1.032
24.69,-1.032
24.7,-1.032
24.71,-1.032
24.72,-1.032
24.73,-1.032
24.74,-1.032
24.75,-1.032
24.76,-1.032
24.77,-1.032
24.78,-1.032
24.79,-1.032
24.8,-1.032
24.81,-1.032
24.82,-1.032
24.83,-1.032
24.84,-1.032
24.85,-1.032
24.86,-1.032
24.87,-1.032
24.88,-1.032
24.89,-1.032
24.9,-1.032
24.91,-1.032
24.92,-1.032
24.93,-1.032
24.94,-1.032
24.95,-1.032
24.96,-1.032
24.97,-1.032
24.98,-1.032
24.99,-1.032
