Age;Abies;Acer;Achillea-type;Aconitum;Adonis;Aesculus;Alchemilla;Allium;Alnus glutinosa/Alnus incana;Alnus viridis;Amaranthaceae;Anchusa;Anemone-type;Aquilegia-type;Arbutus;Arctostaphylos;Arenaria;Armeria/Limonium;Arnica montana;Artemisia;Aruncus-type;Asphodelus-type;Aster-type;Astragalus;Ballota;Bartsia-type;Berberis-type;Betula alba type;Betula nana-type;Bidens-type;Boraginaceae;Brassicaceae;Bruckenthalia;Bunium-type;Bupleurum-type;Buxus;Calluna;Campanulaceae;Cannabis/Humulus-type;Caprifoliaceae;Caragana;Carduus-type;Carpinus betulus-type;Carpinus orientalis/Ostrya carpinifolia;Caryophyllaceae;Castanea;Cedrus;Centaurea;Centaurea cyanus;Centaurea solstitialis-type;Cerastium/Stellaria-type;Cerealia-type;Cerinthe;Chenopodiaceae;Cirsium-type;Cistus;Clematis-type;Compositae unidff;Convolvulus;Cornus;Corylus;Cotinus-type;Cousinia-type;Crassulaceae undifferentiated;Crataegus-type;Cupressaceae;Cuscuta;Cyperaceae;Daphne;Digitalis-type;Dipsacaceae;Dryas;Echium-type;Empetrum;Ephedra;Epilobium;Erica;Ericaceae;Eryngium-type;Euphorbia;Fabaceae;Fagopyrum;Fagus;Fagus orientalis;Filago-type;Filipendula-type;Frangula;Fraxinus excelsior-type;Fraxinus ornus-type;Galium-type;Gentiana/Gentianella;Geraniaceae;Geum-type;Hedera;Helianthemum;Heracleum;Herniaria-type;Hippophae;Hornungia-type;Hypericum-type;Ilex;Jasione;Juglans;Juniperus;Knautia;Lamiaceae;Larix;Ledum;Ligusticum mutellina;Ligustrum;Liliaceae;Linaceae;Linnaea;Loiseleuria procumbens;Lonicera;Luzula;Lysimachia;Lythrum;Melampyrum;Mercurialis;Myrica gale;Myrtus;Narthecium;Noaea-type;Olea;Omphalodes-type;Onagraceae;Onobrychis-type;Oxalis;Oxyria-type;Paliurus;Papaveraceae;Parnassia-type;Pedicularis;Phillyrea;Phyteuma-type;Picea;Pimpinella-type;Pinus haploxylon-type;Pinus undifferentiated/Pinus diploxylon type;Pistacia-type;Plantago;Platanus;Plumbaginaceae;Poaceae;Polemonium;Polygala-type;Polygonaceae;Polygonum alpinum/bistorta/viviparum;Polygonum aviculare-type;Populus tremula-type;Potentilla;Primula;Prunella;Prunus;Pulsatilla;Quercus deciduous;Quercus evergreen;Ranunculus;Reseda;Rhamnus-type;Rhinanthus;Rhododendron-type;Ribes;Rosa;Rosaceae tree;Rosmarinus-type;Rubiaceae;Rubus;Rumex;Salix;Salix herbacea/polaris;Sambucus;Sanguisorba;Sanicula;Saussurea;Saxifraga;Scabiosa-type;Scrophularia-type;Sedum;Selaginella;Senecio-type;Silene-type;Solanaceae;Soldanella;Sorbus/Cotoneaster;Spergula-type;Succisa;Symphytum;Taxus;Thalictrum;Thymus-type;Tilia;Trientalis;Trifolium-type;Trollius-type;Ulex-type;Ulmus;Umbelliferae;Urtica;Vaccinium-type;Valeriana;Verbascum-type;Veronica;Viburnum-type;Viola-type;Viscum album-type;Vitis;Xanthium-type;Zygophyllaceae
19439.7;0;0;3;2;0;0;0;0;0;0;0;0;0;0;0;0;0;0;0;4;0;0;0;0;0;0;0;11;0;0;0;9;0;0;0;0;0;0;0;0;0;0;0;0;1;0;0;0;0;0;0;0;0;4;9;0;0;0;0;0;1;0;0;0;0;0;0;202;0;0;0;0;0;0;1;0;0;0;0;0;0;0;0;0;0;2;0;0;0;26;0;0;0;0;5;0;0;0;0;0;0;0;0;5;0;0;0;0;0;0;0;0;0;0;0;0;0;0;0;0;0;0;0;0;0;0;0;0;0;0;0;0;0;0;0;0;4;0;61;140;0;0;0;0;81;0;0;0;0;0;0;0;0;0;0;0;0;0;0;0;0;0;0;0;0;0;0;0;0;0;7;0;0;0;0;0;0;0;4;0;20;1;4;0;0;0;0;0;0;0;7;0;0;0;0;0;0;1;1;0;0;0;0;0;0;0;0;0;0;0
19118;0;0;2;1;0;0;0;0;1;0;0;0;0;0;0;0;0;0;0;17;0;0;0;0;0;0;0;6;1;0;0;4;0;0;0;0;0;0;0;0;0;0;0;0;0;0;0;2;0;0;0;0;0;11;2;0;0;2;0;0;0;0;0;0;0;0;0;1420;0;0;0;0;0;0;2;0;0;0;0;0;0;0;0;0;0;5;0;0;0;7;0;0;0;0;3;0;0;2;0;0;0;0;0;5;0;0;0;0;0;0;0;0;0;0;0;0;0;0;0;0;0;0;0;0;0;0;0;0;0;0;0;0;0;0;0;0;13;0;61;110;0;0;0;0;94;0;0;0;0;1;0;1;0;0;0;0;2;0;1;0;0;0;0;0;0;0;0;0;0;0;7;0;0;0;0;0;0;0;0;2;2;0;0;0;0;1;0;0;0;0;2;0;0;0;0;0;0;0;1;0;0;0;0;0;0;0;0;0;0;0
18726.8;2;0;1;3;0;0;0;0;0;0;0;0;0;0;0;0;0;0;0;3;0;0;0;0;0;0;0;5;0;0;0;7;0;0;0;0;0;0;0;0;0;0;0;0;0;0;0;0;0;0;0;0;0;5;4;0;0;3;0;0;0;0;0;0;0;0;0;347;0;0;0;0;0;0;3;0;0;0;0;0;0;0;0;0;0;6;0;3;0;7;0;0;0;0;0;0;0;1;0;0;0;0;0;3;0;0;0;0;0;0;0;0;0;0;0;0;0;0;0;0;0;0;0;0;0;0;0;0;0;0;0;0;0;0;0;0;18;0;71;131;0;0;0;0;73;0;0;0;0;0;0;0;0;0;0;0;0;0;0;0;0;0;0;0;0;0;0;0;0;0;7;0;0;0;0;0;0;0;2;0;1;0;0;0;0;0;0;0;0;0;4;0;0;0;0;0;0;0;0;0;0;0;0;0;0;0;0;0;0;0
18442.2;1;0;0;0;0;0;0;0;1;0;0;0;0;0;0;0;0;0;0;2;0;0;0;0;0;0;0;4;1;0;0;23;0;0;0;0;0;0;0;0;0;0;0;0;0;0;0;0;0;0;0;0;0;6;2;0;0;0;0;0;0;0;0;0;0;0;0;394;0;0;0;0;0;0;3;0;0;0;0;0;0;0;0;0;0;5;0;1;0;1;0;0;0;0;2;0;0;1;0;0;0;0;0;5;0;0;1;0;0;0;0;0;0;0;0;0;0;0;0;0;0;0;0;0;0;0;0;0;0;0;0;0;0;0;0;0;10;0;83;133;0;0;0;0;48;0;0;0;0;0;0;0;0;0;0;0;0;0;0;0;0;0;0;0;0;0;0;0;0;0;10;0;0;0;0;0;0;0;2;0;1;0;1;0;0;0;0;0;0;0;2;0;0;0;0;0;0;0;1;0;0;0;0;0;0;0;0;0;0;0
18255;0;0;0;0;0;0;0;0;1;0;0;0;0;0;0;0;0;1;0;1;0;0;1;0;0;0;0;1;0;0;0;8;0;0;0;0;0;0;0;0;0;0;1;0;1;0;0;1;0;0;0;0;0;0;1;0;0;1;0;0;0;0;0;0;0;0;0;101;0;0;0;0;0;0;2;0;0;0;0;1;0;0;0;0;0;0;0;0;0;0;2;0;0;0;0;0;0;0;0;0;0;0;0;0;0;1;1;0;0;0;0;0;0;0;0;0;0;0;0;0;0;0;0;0;0;0;0;0;0;0;0;0;0;0;0;0;7;0;20;111;0;0;0;0;6;0;0;0;0;0;0;0;0;0;0;0;0;0;0;0;0;0;0;0;0;0;0;0;0;0;0;0;0;0;0;0;0;0;0;0;3;0;0;0;0;0;0;0;0;0;0;0;0;0;0;0;0;1;0;0;0;0;0;0;0;0;0;0;0;0
18169.1;0;0;0;0;0;0;0;0;2;0;0;0;0;0;0;0;0;0;0;0;0;0;0;0;0;0;0;0;0;0;0;1;0;0;0;0;0;0;0;0;0;0;0;0;0;0;0;0;0;0;0;0;0;3;0;0;0;1;0;0;0;0;0;0;0;0;0;186;0;0;0;0;0;0;2;0;0;0;0;0;0;0;0;0;0;1;0;0;0;1;0;0;0;0;0;0;0;1;0;0;0;0;0;1;0;0;0;0;0;0;0;0;0;0;0;0;0;0;0;0;0;0;0;0;0;0;0;0;0;0;0;0;0;0;0;0;2;0;36;59;0;0;0;0;5;0;0;0;0;0;0;0;0;0;0;0;0;0;0;0;0;0;0;0;0;0;0;0;0;0;0;0;0;0;0;0;0;0;0;0;1;0;0;0;0;0;0;0;0;0;1;0;0;0;0;0;0;0;0;0;0;0;0;0;0;0;0;0;0;0
17887.4;2;0;0;2;0;0;0;0;1;0;0;0;0;0;0;0;0;0;0;6;0;0;2;0;0;0;0;5;1;0;0;2;0;0;0;0;0;0;0;0;0;0;0;0;0;0;0;0;0;0;0;0;0;10;0;0;0;2;0;0;0;0;0;0;0;0;0;339;0;0;0;0;0;0;1;0;0;0;0;0;0;0;0;0;0;3;0;0;0;0;0;0;0;2;1;0;0;3;0;0;0;0;0;6;0;0;1;0;0;0;0;0;0;0;0;0;0;0;0;0;0;0;0;0;0;0;0;0;0;0;0;0;0;0;0;0;41;0;73;127;0;0;0;0;52;0;0;0;0;0;0;0;0;0;0;0;0;0;1;0;0;0;0;0;0;0;0;0;0;2;4;0;0;0;0;0;0;0;2;0;5;0;2;0;0;0;0;0;0;0;2;0;0;0;0;0;0;1;0;0;0;0;0;0;0;0;0;0;0;0
17688.6;0;0;0;1;0;0;0;0;0;0;0;0;0;0;0;0;0;0;0;56;0;0;1;0;0;0;0;81;12;0;0;1;0;0;0;0;0;0;0;0;0;0;0;0;0;0;0;0;0;0;0;1;0;10;2;0;0;1;0;0;5;0;0;0;0;0;0;703;0;0;0;0;0;0;3;0;0;0;0;0;0;0;0;0;0;8;0;0;0;3;0;0;0;0;8;0;0;1;0;0;0;0;0;5;0;0;2;0;0;0;2;0;0;0;0;0;0;0;0;0;0;0;0;0;0;0;0;0;0;0;0;0;0;0;0;0;7;0;16;34;0;0;0;0;97;0;0;0;0;2;0;0;0;0;0;0;0;0;1;0;0;0;0;0;0;0;0;0;0;2;10;0;0;0;0;0;0;0;4;2;0;0;1;0;1;0;0;0;0;0;9;0;0;0;0;0;0;0;2;0;0;0;0;0;0;0;0;0;0;0
17485.2;0;0;1;3;0;0;0;0;0;0;0;0;0;0;0;0;0;0;0;24;0;0;0;0;0;0;0;18;5;0;0;6;0;0;0;0;0;0;0;0;0;0;0;0;0;0;0;0;0;0;0;0;0;35;2;0;0;1;0;0;1;0;0;0;0;0;0;621;0;0;0;0;0;0;0;0;0;0;0;0;0;0;0;0;0;20;0;0;0;5;0;0;0;0;4;0;0;1;0;0;0;0;0;1;0;0;2;0;0;0;0;0;0;0;0;0;0;0;0;0;0;0;0;0;0;0;0;0;0;0;0;0;0;0;0;0;15;0;33;111;0;0;0;0;48;0;0;0;0;0;0;1;0;0;0;0;0;0;1;0;0;0;0;0;0;0;0;0;0;0;9;0;0;0;0;0;0;0;3;0;0;0;0;0;1;0;0;0;0;0;11;0;0;0;0;0;0;0;2;0;0;0;0;0;0;0;0;0;0;0
17231.5;2;0;0;0;0;0;0;0;1;0;0;0;0;0;0;0;0;0;0;10;0;0;2;0;0;0;0;20;9;0;0;6;0;0;0;0;0;0;0;0;0;0;0;0;0;0;0;0;0;0;0;0;0;20;2;0;0;1;0;0;0;0;0;0;0;0;0;651;0;0;0;0;0;0;0;0;0;0;0;0;0;0;1;0;0;5;0;0;0;3;0;0;0;0;2;0;0;3;0;0;0;0;0;3;0;0;0;0;0;0;0;0;0;0;0;0;0;0;0;0;0;0;0;0;0;0;0;0;0;0;0;0;0;0;0;0;16;0;45;151;0;0;0;0;50;0;0;0;0;0;0;0;0;0;0;0;0;0;0;0;0;0;0;0;0;0;0;0;0;0;18;0;0;0;0;0;0;0;0;0;0;0;1;0;1;0;0;0;0;0;0;0;0;0;0;0;0;2;0;0;0;0;0;0;0;0;0;0;0;0
16974.5;0;0;0;0;0;0;0;0;0;0;0;0;0;0;0;0;0;0;0;26;0;0;0;0;0;0;0;63;10;0;0;7;0;0;0;0;0;0;0;0;0;1;0;0;0;0;0;0;0;0;0;0;0;19;1;0;0;3;0;0;4;0;0;0;0;0;0;943;0;0;0;0;0;0;0;0;0;0;0;0;0;0;0;0;0;3;0;0;0;6;0;0;0;0;3;0;0;1;0;0;0;0;0;4;0;0;0;0;0;0;0;0;0;0;0;0;0;0;0;0;0;0;0;0;0;0;0;0;0;0;0;0;0;0;0;0;7;0;29;66;0;1;0;0;73;0;0;0;0;0;0;0;0;0;0;0;2;0;2;0;0;0;0;0;0;0;0;0;0;0;29;0;0;0;0;0;0;0;3;0;0;0;0;0;0;0;0;0;0;0;5;0;0;0;0;0;0;1;1;0;0;0;0;0;0;0;0;0;0;0
16850.8;0;0;0;0;0;0;0;0;0;0;0;0;0;0;0;0;0;0;0;22;0;0;0;0;0;0;0;35;0;0;0;11;0;0;0;0;0;0;0;0;0;1;0;0;0;0;0;0;0;0;1;0;0;15;0;0;0;3;0;0;3;0;0;0;0;0;0;1095;0;0;0;0;0;0;1;0;0;0;0;0;0;0;0;0;0;5;0;0;0;8;0;0;0;0;5;0;0;2;0;0;0;0;0;6;0;0;1;0;0;0;0;0;0;0;0;0;0;0;0;0;0;0;0;0;0;0;0;0;0;0;0;0;0;0;0;0;4;0;56;107;0;1;0;0;107;0;0;0;0;0;0;1;0;0;0;0;0;0;0;0;0;0;0;0;0;0;0;0;0;0;14;0;0;0;0;0;0;0;3;0;0;0;0;0;0;0;0;0;0;0;11;0;0;0;0;0;0;0;0;0;0;0;0;0;0;0;0;0;0;0
16754.6;0;0;0;0;0;0;0;0;0;0;0;0;0;0;0;0;0;0;0;11;0;0;0;0;0;0;0;28;0;0;0;2;0;0;0;0;0;0;0;0;0;0;0;0;0;0;0;0;0;0;0;0;0;21;0;0;0;3;0;0;0;0;0;0;0;0;0;408;0;0;0;0;0;0;0;0;0;0;0;0;0;0;0;0;0;4;0;0;0;0;0;0;0;0;5;0;0;3;0;0;0;0;0;3;0;0;1;0;0;0;0;0;0;0;0;0;0;0;0;0;0;0;0;0;0;0;0;0;0;0;0;0;0;0;0;0;5;0;46;149;0;0;0;0;36;0;0;0;0;2;0;0;0;0;0;0;0;0;0;0;0;0;0;0;0;0;0;0;0;0;54;0;0;0;0;0;0;0;0;0;0;0;0;0;0;0;0;0;0;0;3;0;0;0;0;0;0;1;0;0;0;0;0;0;0;0;0;0;0;0
16668.1;0;0;3;2;0;0;0;0;0;0;0;0;0;0;0;0;0;0;0;15;0;0;1;0;0;0;0;69;0;0;0;4;0;0;0;0;0;0;0;0;0;1;0;0;0;0;0;0;0;0;1;0;0;12;0;0;0;2;0;0;2;0;0;0;0;0;0;162;0;0;0;0;0;0;1;0;0;0;0;0;0;0;0;0;0;6;0;0;0;1;0;0;0;0;7;0;0;2;0;1;0;0;0;3;0;0;0;0;0;0;0;0;0;0;0;0;0;0;0;0;0;0;0;0;0;0;0;0;0;0;0;0;0;0;0;0;2;0;45;147;0;0;0;0;46;0;0;0;0;1;0;0;0;0;0;0;1;0;1;0;0;0;0;0;0;0;0;0;0;0;24;0;0;0;0;0;0;0;0;0;0;0;0;0;0;0;0;0;0;0;2;0;0;0;0;0;0;0;0;0;0;0;0;0;0;0;0;0;0;0
16578.9;0;0;1;0;0;0;0;0;1;0;0;0;0;0;0;0;0;0;0;6;0;0;2;0;0;0;0;9;0;0;0;13;0;0;0;0;0;0;0;0;0;0;0;0;0;0;0;0;0;0;0;0;0;10;0;0;0;1;0;0;0;0;0;0;0;0;0;554;0;0;0;0;0;0;0;0;0;0;0;0;0;0;0;0;0;4;0;0;0;0;0;0;0;0;2;0;0;3;0;0;0;0;0;7;0;0;0;0;0;0;0;0;0;0;0;0;0;0;0;0;0;0;0;0;0;0;0;0;0;0;0;0;0;0;0;0;5;0;52;174;0;0;0;0;51;0;0;0;0;0;0;0;0;0;0;0;0;0;0;0;0;0;0;0;0;0;0;0;0;0;10;0;0;0;0;0;0;0;0;0;1;1;0;0;0;0;0;0;0;0;4;0;0;0;0;0;0;1;1;0;0;0;0;0;0;0;0;0;0;0
16497.2;0;0;2;0;0;0;0;0;0;0;0;0;0;0;0;0;0;0;0;4;0;0;2;0;0;0;0;22;0;0;0;6;0;0;0;0;0;0;0;0;0;0;0;0;1;0;0;0;0;0;0;0;0;13;0;0;0;3;0;0;1;0;0;0;0;0;0;405;0;0;0;0;0;0;2;0;0;0;0;0;0;0;0;0;0;2;0;0;0;1;0;0;0;0;2;0;0;0;0;0;0;0;0;3;0;1;0;0;0;0;0;0;0;0;0;0;0;0;0;0;0;0;0;0;0;0;0;0;0;0;0;0;0;0;0;0;4;0;61;204;0;0;0;0;19;0;0;0;0;0;0;0;0;0;0;0;0;0;0;0;0;0;0;0;0;0;0;0;0;2;6;0;0;0;0;0;0;0;0;0;3;0;0;0;0;0;0;0;0;0;5;0;0;0;0;0;0;0;3;0;0;0;0;0;0;0;0;0;0;0
16392.3;0;0;1;2;0;0;0;0;0;0;0;0;0;0;0;0;0;0;0;12;0;0;1;0;0;0;0;170;15;0;0;2;0;0;0;0;0;0;0;0;0;0;0;0;0;0;0;0;0;0;0;0;0;40;0;0;0;0;0;0;1;0;0;0;0;0;0;526;0;0;0;0;0;0;1;0;0;0;0;0;0;0;0;0;0;7;0;0;0;2;0;0;0;0;9;0;0;0;0;0;0;0;0;4;0;0;0;0;0;0;0;0;0;0;0;0;0;0;0;0;0;0;0;0;0;0;0;0;0;0;0;0;0;0;0;0;3;0;61;143;0;0;0;0;48;0;0;0;0;0;0;0;0;0;0;0;0;0;0;0;0;0;0;0;0;0;0;0;0;0;4;0;0;0;0;0;0;0;1;0;0;0;0;0;0;0;0;0;0;0;2;0;1;0;0;0;0;1;0;0;0;0;0;0;0;0;0;0;0;0
16287.5;0;0;2;2;0;0;0;0;0;0;0;0;0;0;0;0;0;0;0;23;0;0;1;0;0;0;0;125;28;0;0;6;0;0;0;0;0;0;0;0;0;0;0;0;0;0;0;0;0;0;1;0;0;14;0;0;0;0;0;0;1;0;0;0;0;0;0;603;0;0;0;0;0;0;0;0;0;0;0;0;0;0;0;0;0;10;0;0;0;4;0;0;0;0;8;0;0;0;0;0;0;0;0;4;0;0;0;0;0;0;0;0;0;0;0;0;0;0;0;0;0;0;0;0;0;0;0;0;0;0;0;0;0;0;0;0;7;0;61;120;0;3;0;0;71;0;0;0;0;0;0;0;0;0;0;0;1;0;5;0;0;0;0;0;0;0;0;0;0;0;15;0;0;0;0;0;0;0;0;0;0;0;0;0;0;0;0;0;0;0;6;0;0;0;0;0;0;0;0;0;0;0;0;0;0;0;0;0;0;0
16182.1;0;0;1;2;0;0;0;0;1;0;0;0;0;0;0;0;0;0;0;50;0;0;1;0;0;0;0;57;16;0;0;3;0;0;0;0;0;0;0;0;0;0;0;0;0;0;0;0;0;0;1;0;0;47;0;0;0;5;0;0;1;0;0;0;0;0;0;90;0;0;0;0;0;0;1;0;0;0;0;0;0;0;0;0;0;4;0;0;0;1;0;0;0;0;6;0;0;0;0;0;0;0;0;4;0;0;0;0;0;0;0;0;0;0;0;0;0;0;0;0;0;0;0;0;0;0;0;0;0;0;0;0;0;0;0;0;6;0;69;149;0;2;0;0;64;0;0;0;0;0;0;1;0;0;0;0;0;0;2;0;0;0;0;0;0;0;0;0;0;0;2;0;0;0;0;0;0;0;2;0;1;1;0;0;0;0;0;0;0;0;10;0;0;0;0;0;0;0;1;0;0;0;0;0;0;0;0;0;0;0
16077.2;0;0;5;2;0;0;0;0;1;0;0;0;0;0;0;0;0;0;0;31;0;0;4;0;0;0;0;40;13;0;0;1;0;0;0;0;0;0;0;0;0;0;0;0;0;0;0;0;0;0;2;0;0;79;0;0;0;14;0;0;0;0;0;0;0;0;0;49;0;0;0;0;0;0;0;0;0;0;0;0;0;0;0;0;0;5;0;0;0;6;0;0;0;0;5;0;0;0;0;0;0;0;0;4;0;1;3;0;0;0;0;0;0;0;0;0;0;0;0;0;0;0;0;0;0;0;0;0;0;0;0;0;0;0;0;0;10;0;62;150;0;4;0;0;83;1;0;0;0;1;0;0;0;0;0;0;0;0;5;0;0;0;0;0;0;0;0;0;0;0;4;0;0;0;0;0;0;0;0;0;0;1;0;0;0;0;0;0;0;0;4;0;0;0;0;0;0;0;0;0;0;0;0;0;0;0;0;0;0;0
15973;0;0;1;0;0;0;0;0;1;0;0;0;0;0;0;0;0;0;0;37;0;0;1;0;0;0;0;90;18;0;0;0;0;0;0;0;0;0;0;0;0;0;1;0;0;0;0;0;0;0;1;0;0;56;0;0;0;6;0;0;2;0;0;0;0;0;0;88;0;0;0;0;0;0;0;0;0;0;0;0;0;0;0;0;0;4;0;0;0;1;0;0;0;0;6;0;0;0;0;0;0;0;0;4;0;0;0;0;0;0;0;0;0;0;0;0;0;0;0;0;0;0;0;0;0;0;0;0;0;0;0;0;0;0;0;0;6;0;44;115;0;3;0;0;85;0;0;0;0;1;0;0;0;0;0;0;1;0;8;0;0;0;0;0;0;0;0;0;0;3;8;0;0;0;0;0;0;0;3;1;0;0;0;0;0;0;0;0;0;0;4;0;2;0;0;0;0;2;2;0;0;0;0;0;0;0;0;0;0;0
15867.6;0;0;1;0;0;0;0;0;1;0;0;0;0;0;0;0;0;0;0;49;0;0;2;0;0;0;0;100;17;0;0;7;0;0;0;0;0;0;0;0;0;1;0;0;1;0;0;1;0;0;0;0;0;36;0;0;0;2;0;0;4;0;0;0;0;0;0;58;0;0;0;0;0;0;1;0;0;0;0;0;0;0;0;0;0;2;0;0;0;1;0;0;0;0;4;0;0;0;0;0;0;0;0;4;0;0;0;0;0;0;0;0;0;0;0;0;0;0;0;0;0;0;0;0;0;0;0;0;0;0;0;0;0;0;0;0;11;0;65;101;0;2;0;0;120;0;0;0;0;0;0;2;0;0;0;0;0;0;10;0;0;0;0;0;0;0;0;0;0;1;2;0;0;0;0;0;0;0;5;0;0;0;0;0;0;0;0;0;0;0;6;0;0;0;0;0;0;0;2;0;0;0;0;0;0;0;0;0;0;0
15761.7;0;0;1;1;0;0;0;0;0;0;0;0;0;0;0;0;0;0;0;37;0;0;2;0;0;0;0;50;22;0;0;3;0;0;0;0;0;0;0;0;0;0;0;0;0;0;0;0;0;0;2;0;0;35;0;0;0;2;0;0;3;0;0;0;0;0;0;58;0;0;0;0;0;0;1;0;0;0;0;0;0;0;0;0;0;3;0;0;0;3;0;0;0;0;5;0;0;0;0;0;0;0;0;5;0;0;0;0;0;0;0;0;0;0;0;0;0;0;0;0;0;0;0;0;0;0;0;0;0;0;0;0;0;0;0;0;5;0;77;150;0;0;0;0;106;0;0;0;0;1;0;1;0;0;0;0;0;0;7;0;0;0;0;0;0;0;0;0;0;0;1;0;0;0;0;0;0;0;2;0;0;0;0;0;0;0;0;0;0;0;6;0;0;0;0;0;0;2;0;0;0;0;0;0;0;0;0;0;0;0
15642.8;0;0;1;1;0;0;0;0;0;0;0;0;0;0;0;0;0;0;0;45;0;0;3;0;0;0;0;58;19;0;0;5;0;0;0;0;0;0;0;0;0;2;0;0;0;0;0;0;0;0;0;0;0;28;0;0;0;4;0;0;4;0;0;0;0;0;0;48;0;0;0;0;0;0;1;0;0;0;0;0;0;0;0;0;0;0;0;0;0;6;0;0;0;0;7;0;0;0;0;0;0;0;0;3;0;0;0;0;0;0;0;0;0;0;0;0;0;0;0;0;0;0;0;0;0;0;0;0;0;0;0;0;0;0;0;0;6;0;65;143;0;0;0;0;98;0;0;0;0;0;0;0;0;0;0;0;0;0;7;0;0;0;0;0;0;0;0;0;0;0;2;0;0;0;0;0;0;0;0;0;0;1;1;0;0;2;0;0;0;0;5;0;0;0;0;0;0;2;1;2;0;2;0;0;0;0;0;0;0;0
15519.5;0;0;4;1;0;0;0;0;1;0;0;0;0;0;0;0;0;0;0;38;0;0;5;0;0;0;0;49;15;0;0;4;0;0;2;0;0;0;0;0;0;1;0;0;0;0;0;1;0;0;0;0;0;16;0;0;0;5;1;0;5;0;0;0;0;0;0;62;0;0;0;0;0;0;3;0;0;0;0;0;0;0;0;0;0;0;0;0;0;2;0;0;0;0;12;0;0;0;0;0;0;0;0;3;0;0;1;0;0;0;0;0;0;0;0;0;0;0;0;0;0;0;0;0;0;0;0;0;0;0;0;0;0;0;0;0;4;0;63;144;0;1;0;0;103;0;0;0;0;1;0;2;0;0;0;0;4;0;9;0;0;0;0;0;0;0;0;0;0;0;0;0;0;0;0;0;0;0;3;1;0;1;1;0;0;0;0;0;0;0;11;0;0;0;0;0;0;3;1;0;0;0;0;0;0;0;0;0;0;0
15396.8;0;0;0;0;0;0;0;0;0;0;0;0;0;0;0;0;0;0;0;40;0;0;0;0;0;0;0;49;25;0;0;2;0;0;0;0;0;0;0;0;0;1;0;0;0;0;0;2;0;0;0;0;0;24;0;0;0;3;0;0;3;0;0;0;0;0;0;76;0;0;0;0;0;0;1;0;0;0;0;0;0;0;0;0;0;4;0;0;0;3;0;0;0;0;4;0;0;0;0;0;0;0;0;4;0;0;0;0;0;0;0;0;0;0;0;0;0;0;0;0;0;0;0;0;0;0;0;0;0;0;0;0;0;0;0;0;5;0;97;144;0;0;0;0;119;0;0;0;0;0;0;2;0;0;0;0;0;0;4;0;0;0;0;0;0;0;0;0;0;0;2;0;0;0;0;0;0;0;4;0;0;0;0;0;0;0;0;0;0;0;4;0;1;0;0;0;0;4;1;1;0;1;0;0;0;0;0;0;0;0
15367.1;0;0;1;0;0;0;0;0;0;0;0;0;0;0;0;0;0;0;0;36;0;0;5;0;0;0;0;51;11;0;0;3;0;0;0;0;0;0;0;0;0;0;0;0;0;0;0;0;1;0;2;0;0;14;0;0;0;1;0;0;3;0;0;0;0;0;0;31;0;0;0;0;0;0;0;0;0;0;0;0;0;0;0;0;0;4;0;0;0;1;0;0;0;0;1;1;0;0;0;0;0;0;0;0;0;0;0;0;0;0;0;0;0;0;0;0;0;0;0;0;0;0;0;0;0;0;0;0;0;0;0;0;0;0;0;0;9;0;109;185;0;0;0;0;72;0;0;0;0;0;0;0;0;0;0;0;0;0;3;0;0;0;0;0;0;0;0;0;0;0;0;0;0;0;0;0;0;0;0;0;0;0;0;0;0;0;0;0;0;0;1;0;0;0;0;0;0;6;1;0;0;2;0;0;0;0;0;0;0;0
15310.8;1;0;1;1;0;0;0;0;1;0;0;0;0;0;0;0;0;0;0;53;0;0;1;0;0;0;0;44;14;0;0;2;0;0;0;0;0;0;0;0;0;0;0;0;0;0;0;0;0;0;0;0;0;10;0;0;0;4;0;0;2;0;0;0;0;0;0;59;0;0;0;0;0;0;1;0;0;0;0;0;0;0;0;0;0;1;0;0;0;7;0;0;0;0;1;0;0;0;0;0;0;0;0;2;0;0;0;0;0;0;0;0;0;0;0;0;0;0;0;0;0;0;0;0;0;0;0;0;0;0;0;0;0;0;0;0;19;0;92;111;0;2;0;0;124;0;0;0;0;0;0;0;0;0;0;0;0;0;5;0;0;0;0;0;0;0;0;0;0;0;2;0;0;0;0;0;0;0;3;0;0;0;1;0;0;0;0;0;0;0;4;0;0;0;0;0;0;2;1;0;0;0;0;0;0;0;0;0;0;0
15254.3;0;0;6;0;0;0;0;0;1;0;0;0;0;0;0;0;0;0;0;52;0;0;0;0;0;0;0;55;16;0;0;2;0;0;0;0;0;0;0;0;0;0;0;0;1;0;0;1;0;0;0;0;0;9;0;0;0;3;0;0;5;0;0;0;0;0;0;52;0;0;0;0;0;0;0;0;0;0;0;0;0;0;0;0;0;2;0;0;0;4;0;0;0;0;3;0;0;0;0;0;0;0;0;3;0;0;0;0;0;0;0;0;0;0;0;0;0;0;0;0;0;0;0;0;0;0;0;0;0;0;0;0;0;0;0;0;21;0;113;124;0;2;0;0;93;0;0;0;0;0;0;0;0;0;0;0;0;0;3;0;0;0;0;0;0;0;0;0;0;0;0;0;0;0;0;0;0;0;2;0;0;0;0;0;2;0;0;0;0;0;3;0;0;0;0;0;0;4;1;1;0;1;0;0;0;0;0;0;0;0
15199.4;0;0;4;0;0;0;0;0;0;0;0;0;0;0;0;0;0;0;0;54;0;0;4;0;0;0;0;48;10;0;0;2;0;0;0;0;0;0;0;0;0;0;0;0;1;0;0;3;0;0;0;0;0;19;0;0;0;5;0;0;8;0;0;0;0;0;0;58;0;0;0;0;0;0;1;0;0;0;0;0;0;0;0;0;0;3;0;0;0;4;0;0;0;0;3;1;0;0;0;0;0;0;0;3;0;0;0;0;0;0;1;0;0;0;0;0;0;0;0;0;0;0;0;0;0;0;0;0;0;0;0;0;0;0;0;0;13;0;106;114;0;3;0;0;121;0;0;0;0;0;0;0;0;0;0;0;1;0;4;0;0;0;0;0;0;0;0;0;0;0;2;0;0;0;0;0;0;0;0;0;0;0;0;0;0;0;0;0;0;0;9;0;0;0;0;0;0;3;2;0;0;0;0;0;0;0;0;0;0;0
15143;0;0;4;1;0;0;0;0;0;0;0;0;0;0;0;0;0;0;0;52;0;0;0;0;0;0;0;67;14;0;0;2;0;0;0;0;0;0;0;0;0;0;0;0;0;0;0;0;0;0;0;0;0;13;0;0;0;6;0;0;6;0;0;0;0;0;0;63;0;0;0;0;0;0;0;0;0;0;0;0;0;0;0;0;0;2;0;0;0;5;0;0;0;0;2;0;0;0;0;0;0;0;0;5;0;0;0;0;0;0;0;0;0;0;0;0;0;0;0;0;0;0;0;0;0;0;0;0;0;0;0;0;0;0;0;0;19;0;119;136;0;3;0;0;86;0;0;0;0;0;0;0;0;0;0;0;0;0;4;0;0;0;0;0;0;0;0;0;0;0;0;0;3;0;0;0;0;0;0;0;0;0;0;0;1;0;0;0;0;0;2;0;0;0;0;0;0;5;0;0;0;0;0;0;0;0;0;0;0;0
15053.4;0;0;9;1;0;0;0;0;0;0;0;0;0;0;0;0;0;0;0;60;0;0;3;0;0;0;0;59;22;0;0;0;0;0;0;0;0;0;0;0;0;0;0;0;0;0;0;0;0;0;1;0;0;7;0;0;0;3;1;0;7;0;0;0;0;0;0;31;0;0;0;0;0;0;0;0;0;0;0;0;0;0;0;0;0;0;0;0;0;2;0;0;0;0;5;0;0;0;0;0;0;0;0;3;0;0;0;0;0;0;0;0;0;0;0;0;0;0;0;0;0;0;0;0;0;0;0;0;0;0;0;0;0;0;0;0;23;0;112;137;0;1;0;0;117;0;0;0;0;0;0;1;0;0;0;0;0;0;8;0;0;0;0;0;0;0;0;0;0;1;0;0;1;0;0;0;0;0;0;0;0;0;0;0;0;0;0;0;0;0;4;0;0;0;0;0;0;13;1;0;0;0;0;0;0;0;0;0;0;0
14824;0;1;1;0;0;0;0;0;1;0;0;0;0;0;0;0;0;0;0;47;0;0;1;0;0;0;0;56;14;0;0;0;0;0;0;0;0;0;0;0;0;0;0;0;0;0;0;1;0;0;0;0;0;6;0;0;0;2;0;0;10;0;0;0;0;0;0;38;0;0;0;0;0;0;1;0;0;0;0;0;0;0;0;0;0;1;0;0;0;0;0;0;0;0;2;0;0;0;0;0;0;0;0;2;0;0;0;0;0;0;0;0;0;0;1;0;0;0;0;0;0;0;0;0;0;0;0;0;0;0;0;0;0;0;0;0;20;0;122;162;0;0;0;0;94;0;0;0;0;0;0;4;0;0;0;0;1;0;4;0;0;0;0;0;0;0;0;0;0;0;0;0;2;0;0;0;0;0;1;0;0;0;0;0;0;0;0;0;0;0;3;0;0;0;0;0;0;10;1;0;0;1;0;0;0;0;0;0;0;0
14738.6;0;0;4;0;0;0;0;0;0;0;0;0;0;0;0;0;0;0;0;48;0;0;3;0;0;0;0;61;11;0;0;0;0;0;1;0;0;0;0;0;0;0;0;0;0;0;0;0;0;0;0;0;0;13;2;0;0;3;0;0;5;0;0;0;0;0;0;35;0;0;0;0;0;0;1;0;0;0;0;0;0;0;0;0;0;1;0;0;0;4;0;0;0;0;1;0;0;0;0;0;0;0;0;4;0;0;0;0;0;0;0;0;0;0;0;0;0;0;0;0;0;0;0;0;0;0;0;0;0;0;0;0;0;0;0;0;12;0;66;174;0;0;0;0;92;0;0;0;0;0;0;2;0;0;0;0;4;0;5;0;0;0;0;0;0;0;0;0;0;0;0;0;5;0;0;0;0;0;1;0;0;0;0;0;3;0;0;0;0;0;6;0;0;0;0;0;0;6;0;0;0;0;0;0;0;0;0;0;0;0
14653.2;0;0;6;0;0;0;0;0;0;0;0;0;0;0;0;0;0;0;0;65;0;0;5;0;0;0;0;74;30;0;0;0;0;0;0;0;0;0;0;0;0;0;0;0;0;0;0;1;2;0;1;0;0;13;0;0;0;2;0;0;15;0;0;0;0;0;0;35;0;0;0;0;0;0;0;0;0;0;0;0;0;0;0;0;0;1;0;0;0;3;0;0;0;1;3;1;0;0;0;0;0;0;0;9;0;0;0;0;0;0;0;0;0;0;0;0;0;0;0;0;0;0;0;0;0;0;0;0;0;0;0;0;0;0;0;0;12;0;56;89;0;0;0;0;77;0;0;0;0;0;0;3;0;0;0;0;4;0;4;0;0;0;0;0;0;0;0;0;0;0;1;0;3;0;0;0;0;0;2;0;0;0;0;0;0;0;0;0;0;0;1;0;0;0;0;0;0;27;1;0;0;0;0;0;0;0;0;0;0;0
14477.8;0;0;4;0;0;0;0;0;0;0;0;0;0;0;0;0;0;0;0;44;0;0;3;0;0;0;0;49;14;0;0;1;0;0;0;0;0;1;0;0;0;0;0;0;0;0;0;1;0;0;0;0;0;11;1;0;0;6;0;0;11;0;0;0;0;0;0;24;0;0;0;0;0;0;2;0;0;0;0;0;0;0;0;0;0;2;0;0;0;3;0;0;0;0;1;0;0;0;0;0;0;0;0;5;0;0;0;0;0;0;0;0;0;0;1;0;0;0;0;0;0;0;0;0;0;0;0;0;0;0;0;0;0;0;0;0;3;0;37;81;0;0;0;0;105;0;0;0;0;0;0;1;0;0;0;0;3;0;8;0;0;0;0;0;0;0;0;0;0;0;0;0;3;0;0;0;0;0;0;0;0;0;0;0;3;0;0;0;0;0;1;0;0;0;0;0;0;24;1;0;1;1;0;0;0;0;0;0;0;0
14294.8;2;0;4;1;0;0;0;0;1;0;0;0;0;0;0;0;1;0;0;21;0;0;6;0;0;0;0;57;17;0;0;0;0;0;0;0;0;0;0;0;0;0;0;0;0;0;0;0;1;0;0;0;0;11;1;0;0;5;0;0;7;0;0;0;0;0;0;44;0;0;0;0;0;0;0;0;0;0;0;0;0;0;0;0;0;11;0;0;0;4;0;0;0;0;3;0;0;0;0;0;0;0;0;3;0;0;0;0;0;0;1;0;0;0;0;0;0;0;0;0;0;0;0;0;0;0;0;0;0;0;0;0;0;0;0;0;11;0;30;61;0;1;0;0;89;0;0;0;0;2;0;3;0;0;0;0;6;0;2;0;0;0;0;0;0;0;0;0;0;0;0;0;0;0;0;0;0;0;5;0;0;0;0;0;0;0;0;0;0;0;2;0;0;0;0;0;0;21;1;0;0;1;0;0;0;0;0;0;0;0
14110.5;0;0;3;0;0;0;0;0;1;0;0;0;0;0;0;0;0;0;0;33;0;0;1;0;0;0;0;45;20;0;0;0;0;0;0;0;0;1;0;0;0;1;0;0;0;0;0;0;1;0;0;0;0;7;0;0;0;3;0;0;8;0;0;0;0;0;0;60;0;0;0;0;0;0;0;0;0;0;0;0;0;0;0;0;0;3;0;0;0;1;0;0;0;0;2;0;0;0;0;0;0;0;0;10;0;0;0;0;0;0;0;0;0;0;0;0;0;0;0;0;0;0;0;0;0;0;0;0;0;0;0;0;0;0;0;0;1;0;23;109;0;1;0;0;113;0;0;0;0;0;0;0;0;0;0;0;5;0;6;0;0;0;0;0;0;0;0;0;0;0;0;0;2;0;0;0;0;0;0;0;0;0;0;0;0;0;0;0;0;0;6;0;0;0;0;0;0;26;2;0;0;1;0;0;0;0;0;0;0;0
13935.3;0;0;4;1;0;0;0;0;0;0;0;0;0;0;0;0;0;0;0;29;0;0;3;0;0;0;0;48;14;0;0;1;0;0;0;0;0;0;0;0;0;0;0;0;1;0;0;1;0;0;0;0;0;3;0;0;0;4;0;0;17;0;0;0;0;0;0;51;0;0;0;0;0;0;1;0;0;0;0;0;0;0;0;0;0;6;0;0;0;3;0;0;0;1;1;0;0;0;0;0;0;0;0;6;0;0;1;0;0;0;0;0;0;0;0;0;0;0;0;0;0;0;0;0;0;0;0;0;0;0;0;0;0;0;0;0;6;0;42;93;0;0;0;0;90;0;0;0;0;0;0;4;0;0;0;0;3;0;6;0;0;0;0;0;0;0;0;0;0;0;0;0;3;0;0;0;0;0;2;0;0;0;0;0;0;0;0;0;0;0;3;0;0;0;0;0;0;26;2;0;0;0;0;0;0;0;0;0;0;0
13751.1;4;0;5;0;0;0;0;0;2;0;0;0;0;0;0;0;0;0;0;20;0;0;6;0;0;0;0;58;18;0;0;0;0;0;0;0;0;0;0;0;0;0;0;0;1;0;0;4;0;0;1;0;0;12;1;0;0;4;0;0;10;0;0;0;0;0;0;27;0;0;0;0;0;0;0;0;0;0;0;0;0;0;0;0;0;5;0;0;0;2;0;0;0;0;0;0;0;0;0;0;0;0;0;1;0;0;0;0;0;0;0;0;0;0;0;0;0;0;0;0;0;0;0;0;0;0;0;0;0;0;0;0;0;0;0;0;13;0;40;66;0;0;0;0;99;1;0;0;0;0;0;7;0;0;0;0;4;0;7;0;0;0;0;0;0;0;0;0;0;0;0;0;0;0;0;0;1;0;7;0;0;0;0;0;0;0;0;0;0;0;6;0;2;0;0;0;0;21;3;0;0;1;0;0;0;0;0;0;0;0
13575.3;3;0;6;0;0;0;0;0;1;0;0;0;0;0;0;0;0;0;0;16;0;0;7;0;0;0;0;51;19;0;0;3;0;0;0;0;0;0;0;0;0;0;0;0;0;0;0;1;0;0;0;0;0;1;2;0;0;5;0;0;9;0;0;0;0;0;0;15;0;0;0;0;0;0;1;1;0;0;0;0;0;0;1;0;0;3;0;0;0;3;0;0;0;0;0;0;0;0;0;0;0;0;0;3;0;0;0;0;0;0;0;0;0;0;0;0;0;0;0;0;0;0;0;0;0;0;0;0;0;0;0;0;0;0;0;0;8;0;41;104;0;0;0;0;81;0;0;0;0;0;0;6;0;0;0;0;2;0;2;0;0;0;0;0;0;0;0;0;0;0;0;0;0;0;0;0;0;0;6;1;0;0;0;0;0;0;0;0;0;0;3;0;0;0;0;0;0;12;3;0;0;0;0;0;0;0;0;0;0;0
13332.5;0;0;1;0;0;0;0;0;0;0;0;0;0;0;0;0;0;0;0;13;0;0;4;0;0;0;0;36;16;0;0;1;0;0;1;0;0;0;0;0;0;0;0;0;0;0;0;0;1;0;0;0;0;2;0;0;0;3;0;0;7;0;0;0;0;0;0;22;0;0;0;0;0;0;1;0;0;0;0;0;0;0;0;0;0;2;0;0;0;4;0;0;0;0;0;0;0;0;0;0;0;0;0;5;0;0;0;0;0;0;0;0;0;0;0;0;0;0;0;0;0;0;0;0;0;0;0;0;0;0;0;0;0;0;0;0;8;0;41;86;0;0;0;0;96;0;0;0;0;0;0;5;0;0;0;0;2;0;1;0;0;0;0;0;0;0;0;0;0;0;0;0;0;0;0;0;0;0;3;0;0;0;0;0;0;0;0;0;0;0;5;0;0;0;0;0;0;6;2;0;0;1;0;0;0;0;0;0;0;0
12963.9;0;0;1;0;0;0;0;0;2;0;0;0;0;0;0;0;0;0;0;13;0;0;4;0;0;0;0;37;7;0;0;0;0;0;0;0;0;0;0;0;0;0;0;0;0;0;0;0;0;0;0;0;0;1;2;0;0;11;0;0;11;0;0;0;0;0;0;10;0;0;0;0;0;0;0;0;0;0;0;0;0;0;1;0;0;1;0;0;0;3;0;0;0;1;0;0;0;0;0;0;0;0;0;4;0;0;2;0;0;0;0;0;0;0;0;0;0;0;0;0;0;0;0;0;0;0;0;0;0;0;0;0;0;0;0;0;6;0;46;163;0;0;0;0;89;0;0;1;0;0;0;1;0;0;0;0;1;0;2;0;0;0;0;0;0;0;0;0;0;0;0;0;2;0;0;0;0;0;1;0;0;0;0;0;0;0;0;0;0;0;3;0;0;0;0;0;0;4;0;0;0;0;0;0;0;0;0;0;0;0
12740.1;8;0;2;0;0;0;0;0;0;0;0;0;0;0;0;0;0;0;0;8;0;0;2;0;0;0;0;56;19;0;0;0;0;0;0;0;0;0;0;0;0;0;0;0;0;0;0;0;0;0;0;0;0;3;0;0;0;5;0;0;10;0;0;0;0;0;0;3;0;0;0;0;0;0;0;0;0;0;0;0;0;0;0;0;0;1;0;0;0;4;0;0;0;0;0;0;0;0;0;0;0;0;0;0;0;0;1;0;0;0;0;0;0;0;0;0;0;0;0;0;0;0;0;0;0;0;0;0;0;0;0;0;0;0;0;0;41;0;45;85;0;0;0;0;81;0;0;0;0;0;0;2;0;0;0;0;2;0;0;0;0;0;0;0;0;0;0;0;0;0;0;0;0;0;0;0;0;0;1;0;0;0;0;0;0;0;0;0;0;0;6;0;0;0;0;0;0;6;2;2;0;1;0;0;0;0;0;0;0;0
12534.9;0;0;1;0;0;0;0;0;2;0;0;0;0;0;0;0;0;0;0;7;0;0;1;0;0;0;0;29;6;0;0;0;0;0;0;0;0;0;0;0;0;1;0;0;1;0;0;0;0;0;0;0;0;2;3;0;0;4;0;0;28;0;0;0;0;0;0;6;0;0;0;0;0;0;0;0;0;0;0;0;0;0;0;0;0;4;0;0;0;1;0;0;0;0;0;0;0;0;0;0;0;0;0;2;0;0;0;0;0;0;0;0;0;0;0;0;0;0;0;0;0;0;0;0;0;0;0;0;0;0;0;0;0;0;0;0;1;0;26;113;0;0;0;0;159;0;0;0;0;0;0;0;0;0;0;0;0;0;0;0;0;0;0;0;0;0;0;0;0;0;0;0;0;0;0;0;0;0;0;1;0;0;0;0;0;0;0;0;0;0;3;0;0;0;0;0;0;6;0;0;0;0;0;0;0;0;0;0;0;0
12336;4;0;1;0;0;0;0;0;4;0;0;0;0;0;0;0;0;0;0;7;0;0;7;0;0;0;0;46;18;0;0;0;0;0;0;0;0;0;0;0;0;0;0;0;0;0;0;1;0;0;0;1;0;0;0;0;0;10;0;0;21;0;0;0;0;0;0;2;0;0;0;0;0;0;0;0;0;0;0;0;0;0;0;0;0;3;0;1;0;3;0;0;0;0;0;0;0;0;0;0;0;0;0;1;0;0;0;0;0;0;0;0;0;0;0;0;0;0;0;0;0;0;0;0;0;0;0;0;0;0;0;0;0;0;0;0;19;0;23;50;0;0;0;0;162;1;0;1;0;0;0;0;0;0;0;0;13;0;1;0;0;0;0;0;0;0;0;0;0;0;0;0;0;0;0;0;0;0;3;0;0;0;0;0;0;0;0;0;0;0;3;0;3;0;0;0;0;11;2;2;0;0;0;0;0;0;0;0;0;0
12128.4;0;1;0;0;0;0;0;0;2;0;0;0;0;0;0;0;0;0;0;10;0;0;3;0;0;0;0;43;12;0;0;0;0;0;0;0;0;0;0;0;0;1;0;0;0;0;0;0;0;0;0;0;0;0;4;0;0;9;0;0;49;0;0;0;0;0;0;2;0;0;0;0;0;0;0;0;0;0;0;0;0;0;0;0;0;3;0;0;0;1;0;0;0;0;0;0;0;0;0;0;0;0;0;0;0;0;0;0;0;0;0;0;0;0;0;0;0;0;0;0;0;0;0;0;0;0;0;0;0;0;0;0;0;0;0;0;1;0;12;83;0;1;0;0;147;0;0;0;0;0;0;0;0;0;0;0;0;0;1;0;0;0;0;0;0;0;0;0;0;0;0;0;0;0;0;0;0;0;3;0;0;0;0;0;0;0;0;0;0;0;6;0;0;0;0;0;0;7;1;0;0;0;0;0;0;0;0;0;0;0
11904.9;0;0;0;1;0;0;0;0;2;0;0;0;0;0;0;0;0;0;0;23;0;0;6;0;0;0;0;92;18;0;0;0;0;0;0;0;0;0;0;0;0;0;0;0;0;0;0;1;0;0;0;0;0;4;0;0;0;14;0;0;32;0;0;0;0;0;0;3;0;0;0;0;0;0;0;3;0;0;0;0;0;0;1;0;0;0;0;3;0;2;0;0;0;0;0;0;0;0;0;0;0;0;0;3;0;0;1;0;0;0;0;0;0;0;0;0;0;0;0;0;0;0;0;0;0;0;0;0;0;0;0;0;0;0;0;0;7;0;18;51;0;0;0;0;95;0;0;0;0;0;0;2;0;0;0;0;19;0;0;0;0;0;0;0;0;0;0;0;0;0;0;0;0;0;0;0;0;0;5;0;0;0;0;0;0;0;0;0;0;0;10;0;3;0;0;0;0;7;3;1;0;2;0;0;0;0;0;0;0;0
11684;0;0;0;0;0;0;0;0;2;0;0;0;0;0;0;0;0;0;0;22;0;0;5;0;0;0;0;70;20;0;0;0;0;0;1;0;0;0;0;0;0;1;2;0;0;0;0;1;1;0;0;0;0;1;5;0;0;24;0;0;38;0;0;0;0;0;0;4;0;0;0;0;0;0;1;0;0;0;0;0;0;0;0;0;0;4;0;0;0;0;0;0;0;0;1;0;0;0;0;0;0;0;0;1;0;1;0;0;0;0;0;0;0;0;0;0;0;0;0;0;0;0;0;0;0;0;0;0;0;0;0;0;0;0;0;0;4;0;11;54;0;0;0;0;96;0;0;0;0;0;0;1;0;0;0;0;9;0;0;0;0;0;0;0;0;0;0;0;0;0;1;0;0;0;0;0;0;0;3;0;0;0;0;0;0;0;0;0;0;0;5;0;1;0;0;0;0;9;1;0;0;4;0;0;0;0;0;0;0;0
11448.4;1;0;1;0;0;0;0;0;2;0;0;0;0;0;0;0;0;0;0;18;0;0;5;0;0;0;0;67;14;0;0;0;0;0;0;0;0;0;0;0;0;0;0;0;1;0;0;0;0;0;1;0;0;2;0;0;0;14;0;0;49;0;0;0;0;0;0;5;0;0;0;0;0;0;0;0;0;0;0;0;0;0;0;0;0;1;0;2;0;1;0;0;0;0;0;0;0;0;0;0;0;0;0;1;0;0;1;0;0;0;0;0;0;0;0;0;0;0;0;0;0;0;0;0;0;0;0;0;0;0;0;0;0;0;0;0;7;0;20;58;0;1;0;0;60;2;0;0;0;0;0;6;0;0;0;0;23;0;3;0;0;0;0;0;0;0;0;0;0;0;0;0;0;0;0;0;0;0;4;0;0;0;0;0;0;0;0;0;0;0;6;0;2;0;0;0;0;12;1;1;0;1;0;0;0;0;0;0;0;0
11213.5;0;0;0;2;0;0;0;0;2;0;0;0;0;0;0;0;0;0;0;15;0;0;1;0;0;0;0;50;24;0;0;2;0;0;0;0;0;0;0;0;0;2;2;0;0;0;0;1;1;0;0;0;0;3;3;0;0;6;0;0;39;0;0;0;0;0;0;7;0;0;0;0;0;0;0;1;0;0;0;0;0;0;0;0;0;3;0;0;0;0;0;0;0;0;0;0;0;0;0;0;0;0;0;3;0;0;0;0;0;0;0;0;0;0;0;0;0;0;0;0;0;0;0;0;0;0;0;0;0;0;0;0;0;0;0;0;3;0;16;52;0;1;0;0;116;0;0;1;0;0;0;0;0;0;0;0;15;0;2;0;0;0;0;0;0;0;0;0;0;0;0;0;0;0;0;0;0;0;0;0;0;1;0;0;0;0;0;0;0;0;6;0;1;0;0;0;0;12;1;0;0;0;0;0;0;0;0;0;0;0
10983.2;3;0;0;0;0;0;0;0;8;0;0;0;0;0;0;0;0;0;0;24;0;0;8;0;0;0;0;25;11;0;0;0;0;0;0;0;0;0;0;0;0;0;0;0;0;0;0;0;0;0;0;0;0;7;3;0;0;17;0;0;80;0;0;0;0;0;0;11;0;0;0;0;0;0;0;0;0;0;0;0;0;0;0;0;0;2;0;2;0;2;0;0;0;0;0;0;0;0;0;0;0;0;0;3;0;0;0;0;0;0;3;0;0;0;0;0;0;0;0;0;0;0;0;0;0;0;0;0;0;0;0;0;0;0;0;0;18;0;29;54;0;1;0;0;61;1;0;0;0;0;1;3;0;0;0;0;74;0;2;0;0;0;0;0;0;0;0;0;0;0;0;0;0;0;0;0;0;0;1;0;0;0;0;0;0;0;0;0;0;0;26;0;4;0;0;0;0;34;3;3;0;0;0;0;0;0;0;0;0;0
10751.3;1;0;0;0;0;0;0;0;14;0;0;0;0;0;0;0;0;0;0;20;0;0;4;0;0;0;0;28;13;0;0;0;0;0;0;0;0;0;0;0;0;1;0;0;0;0;0;0;0;0;0;0;0;4;2;0;0;15;0;0;100;0;0;0;0;0;0;12;0;0;0;0;0;0;0;0;0;0;0;0;0;0;0;0;0;4;0;0;0;3;0;0;0;1;0;0;0;0;0;0;0;0;0;2;0;0;0;0;0;0;0;0;0;0;0;0;0;0;0;0;0;0;0;0;0;0;0;0;0;0;0;0;0;0;0;0;16;0;12;55;0;0;0;0;86;0;0;1;0;1;0;0;0;0;0;0;50;0;7;0;0;0;0;0;0;0;0;0;0;0;0;0;0;0;0;0;0;0;1;0;0;0;0;0;0;0;0;0;0;0;19;0;7;0;0;0;0;32;10;0;0;0;0;0;0;0;0;0;0;0
10518.2;5;0;0;0;0;0;0;0;8;0;0;0;0;0;0;0;0;0;0;7;0;0;6;0;0;0;0;2;0;0;0;0;0;0;0;0;0;0;0;0;0;0;4;0;1;0;0;2;0;0;0;0;0;1;3;0;0;14;0;0;126;0;0;0;0;0;0;10;0;0;0;0;0;0;0;1;0;0;0;2;0;0;3;0;0;0;0;0;0;0;0;0;0;1;0;0;0;0;0;0;0;0;0;2;0;0;2;0;0;0;0;0;0;0;0;0;0;0;0;0;0;0;0;0;0;0;0;0;0;0;0;0;0;0;0;0;3;0;0;15;0;0;0;0;34;1;0;4;0;0;2;0;0;0;0;0;66;0;0;0;0;0;0;0;0;0;0;0;0;0;0;0;0;0;0;0;0;0;0;0;0;0;0;0;0;0;0;0;0;0;2;0;12;0;0;0;0;40;0;0;1;0;0;0;0;0;0;0;0;0
10038.2;3;0;0;0;0;0;0;0;14;0;0;0;0;0;0;0;0;0;0;23;0;0;6;0;0;0;0;7;3;0;0;0;0;0;1;0;0;0;0;0;0;0;0;0;1;0;0;0;0;0;1;0;0;4;2;0;0;8;0;0;140;0;0;0;0;0;0;8;0;0;0;0;0;0;0;0;0;0;0;0;0;0;0;0;0;2;0;1;0;1;0;0;0;0;1;0;0;0;0;0;0;0;0;2;0;0;0;0;0;0;1;0;0;0;0;0;0;0;0;0;0;0;0;0;0;0;0;0;0;0;0;0;0;0;0;0;10;0;25;40;0;0;0;0;49;0;0;1;0;0;2;0;0;0;0;0;65;0;1;0;0;0;0;0;0;0;0;0;0;0;0;0;0;0;0;0;0;0;4;0;0;0;0;0;0;0;0;0;0;0;23;0;7;0;0;0;0;55;14;2;0;1;0;0;0;0;0;0;0;0
9600.2;3;2;2;0;0;0;0;0;13;0;0;0;0;0;0;0;0;0;0;25;0;0;7;0;0;0;0;3;0;0;0;0;0;0;0;0;0;0;0;0;0;0;5;0;0;0;0;1;0;0;0;0;0;4;0;0;0;17;0;0;142;0;0;0;0;0;0;17;0;0;0;0;0;0;0;0;0;0;0;0;0;0;5;0;0;8;0;2;0;1;0;0;0;0;0;0;0;0;0;0;0;0;0;2;0;0;3;0;0;0;0;0;0;0;0;0;0;0;0;0;0;0;0;0;0;0;0;0;0;0;0;0;0;0;0;0;15;0;23;39;0;0;0;0;53;0;0;0;0;1;0;0;0;0;0;0;70;0;1;0;0;0;0;0;0;0;0;0;0;0;0;0;0;0;0;0;0;0;1;0;0;0;0;0;0;0;0;0;0;0;27;0;4;0;0;0;0;46;8;2;0;0;0;0;0;0;0;0;0;0
9403.9;1;1;0;0;0;0;0;0;18;0;0;0;0;0;0;0;0;0;0;21;0;0;9;0;0;0;0;7;0;0;0;0;0;0;0;0;0;0;0;0;0;0;0;0;0;0;0;0;0;0;1;0;0;4;0;0;0;7;0;0;161;0;0;0;0;0;0;5;0;0;0;0;0;0;0;0;0;0;0;0;0;0;5;0;0;6;0;3;0;0;0;0;0;0;0;0;0;0;0;0;0;0;0;1;0;0;0;0;0;0;2;0;0;0;0;0;0;0;0;0;0;0;0;0;0;0;0;0;0;0;0;0;0;0;0;0;11;0;19;34;0;0;0;0;37;0;0;2;0;2;0;4;0;0;0;0;56;0;3;0;0;0;0;0;0;0;0;0;0;0;0;0;0;0;0;0;0;0;5;0;0;0;0;0;0;0;0;0;0;0;13;0;7;0;0;0;0;53;11;3;0;0;0;0;0;0;0;0;0;0
9151.5;0;1;0;0;0;0;0;0;15;0;0;0;0;0;0;0;0;0;0;23;0;0;5;0;0;0;0;4;0;0;0;1;0;0;0;0;0;0;0;0;0;0;0;0;0;0;0;0;0;0;0;1;0;6;1;0;0;7;0;0;136;0;0;0;0;0;0;6;0;0;0;0;0;0;0;0;0;0;0;0;0;0;0;0;0;8;0;6;0;2;0;0;0;0;0;0;0;0;0;0;0;0;0;1;0;0;1;0;0;0;0;0;0;0;0;0;0;0;0;0;0;0;0;0;0;0;0;0;0;0;0;0;0;0;0;0;6;0;11;28;0;0;0;0;59;0;0;0;0;0;4;7;0;0;0;0;78;0;1;0;0;0;0;0;0;0;0;0;0;0;0;0;0;0;0;0;0;0;3;0;0;1;0;0;0;0;0;0;0;0;21;0;3;0;0;0;0;49;8;5;1;0;0;0;0;0;0;0;0;0
8926.696499;1;1;1;3;0;0;0;0;15;1;0;0;0;0;0;0;0;0;0;21;0;0;16;0;0;0;0;8;0;0;0;2;0;0;0;0;0;0;0;0;0;2;5;0;0;0;0;0;0;0;1;1;0;17;0;0;0;12;0;0;108;0;0;0;0;0;0;8;0;0;0;0;0;0;0;0;0;0;0;0;0;0;0;0;0;4;0;5;0;0;0;0;0;1;1;0;0;0;0;0;0;0;0;0;0;0;1;0;0;0;0;0;0;0;0;0;0;0;0;0;0;0;0;0;0;0;0;0;0;0;0;0;0;0;0;0;11;0;19;45;0;0;0;0;55;0;0;1;0;1;1;0;0;0;0;0;87;0;6;0;0;0;0;0;0;0;0;0;0;0;0;0;0;0;0;0;0;0;7;0;0;0;0;0;0;0;0;0;0;0;6;0;9;0;0;0;0;53;2;4;0;0;0;0;0;0;0;0;0;0
8729.6;1;0;0;3;0;0;0;0;7;0;0;0;0;0;0;0;0;0;0;12;0;0;2;0;0;0;0;3;1;0;0;1;0;0;0;0;0;0;0;0;0;0;0;0;0;0;0;0;0;0;0;0;0;13;0;0;0;16;0;0;121;0;0;0;0;0;0;22;0;0;0;0;0;0;0;0;0;0;0;0;0;0;1;0;0;3;0;10;0;0;0;0;0;1;1;1;0;0;0;0;0;0;0;1;0;0;0;0;0;0;4;0;0;0;0;0;0;0;0;0;0;0;0;0;0;0;0;0;0;0;0;0;0;0;0;0;21;0;20;27;0;0;0;0;77;0;0;0;0;1;2;5;0;0;0;0;78;0;3;0;0;0;0;0;0;0;0;0;0;0;0;0;0;0;0;0;0;0;5;0;0;0;0;0;0;0;0;0;0;0;8;0;5;0;0;0;0;50;6;2;0;0;0;0;0;0;0;0;0;0
8440.1;0;0;1;2;0;0;0;0;9;0;0;0;0;0;0;0;0;0;0;42;0;0;7;0;0;0;0;3;0;0;0;0;0;0;0;0;0;0;0;0;0;0;0;0;1;0;0;0;0;0;0;0;0;17;0;0;0;11;0;0;87;0;0;0;0;0;0;7;0;0;0;0;0;0;0;0;0;0;0;0;0;0;1;0;0;7;0;3;0;3;0;0;0;2;0;1;0;0;0;0;0;0;0;5;0;0;1;0;0;0;0;0;0;0;0;0;0;0;0;0;0;0;0;0;0;0;0;0;0;0;0;0;0;0;0;0;1;0;7;25;0;0;0;0;66;0;0;0;0;0;3;8;0;0;0;0;88;0;4;0;0;0;0;0;0;0;0;0;0;0;0;0;0;0;0;0;0;0;1;0;0;0;0;0;0;0;0;0;0;0;6;0;2;0;0;0;0;38;10;8;0;0;0;0;0;0;0;0;0;0
8196.1;0;0;2;2;0;0;0;0;6;1;0;0;0;0;0;0;0;0;0;23;0;0;14;0;0;0;0;2;0;0;0;2;0;0;0;0;0;1;0;0;0;3;0;0;0;0;0;0;0;0;0;1;0;26;0;0;0;12;0;0;64;0;0;0;0;0;0;3;0;0;0;0;0;0;0;0;0;0;0;1;0;0;0;0;0;5;0;5;0;0;0;0;0;1;0;1;0;0;0;0;0;0;0;1;0;0;0;0;0;0;0;0;0;0;0;0;0;0;0;0;0;0;0;0;0;0;0;0;0;0;0;0;0;0;0;0;5;0;9;16;0;0;0;0;32;0;0;1;0;1;4;0;0;0;0;0;58;0;2;0;0;0;0;0;0;0;0;0;0;0;0;0;0;0;0;0;0;0;0;0;0;0;0;0;2;0;0;0;0;0;3;0;7;0;0;0;0;32;9;1;1;0;0;0;0;0;0;0;0;0
7920.4;0;1;0;0;0;0;0;0;14;3;0;0;0;0;0;0;0;0;0;22;0;0;12;0;0;0;0;5;1;0;0;1;0;0;0;0;0;1;0;0;0;2;0;0;0;0;0;0;0;0;1;0;0;20;4;0;0;20;0;0;80;0;0;0;0;0;0;0;0;0;0;0;0;0;0;0;0;0;0;0;0;0;0;0;0;9;0;5;0;1;0;0;0;0;0;0;0;0;0;0;0;0;0;6;0;0;0;0;0;0;4;0;0;0;1;0;1;0;0;0;0;0;0;0;0;0;0;0;0;0;0;0;0;0;0;0;2;0;4;10;0;1;0;0;44;0;0;0;0;0;5;0;0;0;0;0;55;0;4;0;0;0;0;0;0;0;0;0;0;0;0;0;0;0;0;0;0;0;3;0;0;1;0;0;1;0;0;0;0;0;5;0;11;0;0;0;0;41;2;6;0;0;0;0;0;0;0;0;0;0
7636;0;0;0;0;0;0;0;0;8;0;0;0;0;0;0;0;0;0;0;30;0;0;6;0;0;0;0;4;1;0;0;0;0;0;0;0;0;0;0;0;0;2;0;0;0;0;0;2;0;0;0;0;0;27;1;0;0;6;0;1;69;0;0;0;0;0;0;1;0;0;0;0;0;0;0;0;0;0;0;0;0;0;0;0;0;13;0;5;0;0;0;0;0;0;0;0;0;0;0;0;0;0;0;10;0;0;0;0;0;0;0;0;0;0;0;0;0;0;0;0;0;0;0;0;0;0;0;0;0;0;0;0;0;0;0;0;3;0;3;14;0;0;0;0;35;0;0;0;0;0;5;6;0;0;0;0;47;0;3;0;0;0;0;0;0;0;0;0;0;0;0;0;0;0;0;0;0;0;6;0;0;0;0;0;1;0;0;0;0;0;9;0;6;0;0;0;0;56;7;12;0;0;0;0;0;0;0;0;0;0
7416.5;4;0;0;0;0;0;0;0;2;0;0;0;0;0;0;0;0;0;0;16;0;0;13;0;0;0;0;0;0;0;0;1;0;0;0;0;0;0;0;0;0;3;0;0;0;0;0;2;0;0;0;0;0;32;0;0;0;17;0;0;40;0;0;0;0;0;0;5;0;0;0;0;0;0;0;0;0;0;0;0;0;0;2;0;0;7;0;1;0;0;0;0;0;0;1;0;0;0;0;0;0;0;0;4;0;0;1;0;0;0;0;0;0;0;0;0;0;0;0;0;0;0;0;0;0;0;0;0;0;0;0;0;0;0;0;0;16;0;31;40;0;0;0;0;39;2;0;6;0;1;4;0;0;0;0;0;46;0;5;0;0;0;0;0;0;0;0;0;0;0;0;0;0;0;0;0;0;0;4;0;0;0;0;0;1;0;0;0;0;0;5;0;9;0;0;0;0;33;2;4;1;0;0;0;0;0;0;0;0;0
7070.1;1;0;0;0;0;0;0;0;2;0;0;0;0;0;0;0;0;0;0;18;0;0;10;0;0;0;0;5;0;0;0;1;0;0;0;0;0;0;0;0;0;1;1;0;0;0;0;0;0;0;0;0;0;18;0;0;0;5;0;0;59;0;0;0;0;0;0;1;0;0;0;0;0;0;0;0;0;0;0;0;0;0;0;0;0;0;0;1;0;0;0;0;0;0;0;0;0;0;0;0;0;0;0;9;0;0;2;0;0;0;1;0;0;0;0;0;1;0;0;0;0;0;0;0;0;0;0;0;0;0;0;0;0;0;0;0;14;0;14;34;0;0;0;0;37;1;0;0;0;0;8;3;0;0;0;0;79;0;5;0;0;0;0;0;0;0;0;0;0;0;0;0;0;0;0;0;0;0;10;0;0;0;0;0;0;1;0;0;0;0;5;0;6;0;0;0;0;41;2;10;0;0;0;0;0;0;0;0;0;0
6741.6;1;0;0;0;0;0;0;0;10;0;0;0;0;0;0;0;0;0;0;17;0;0;8;0;0;0;0;3;0;0;0;0;0;0;0;0;0;0;0;0;0;2;1;0;0;0;0;0;0;0;0;0;0;9;0;0;0;18;0;0;130;0;0;0;0;0;0;4;0;0;0;0;0;0;0;0;0;0;0;0;0;0;1;0;0;6;0;0;0;0;0;0;0;0;0;0;0;0;0;0;0;0;0;5;0;0;0;0;0;0;0;0;0;0;0;0;3;0;0;0;0;0;0;0;0;0;0;0;0;0;0;0;0;0;0;0;12;0;12;25;0;0;0;0;33;0;0;0;0;0;7;1;0;0;0;0;74;0;4;0;0;0;0;0;0;0;0;0;0;0;0;0;0;0;0;0;0;0;11;1;0;6;0;0;0;0;0;0;0;0;7;0;7;0;0;0;0;76;4;6;1;0;0;0;0;0;0;0;0;0
6435.2;1;0;1;0;0;0;0;0;14;0;0;0;0;0;0;0;0;0;0;22;0;0;15;0;0;0;0;3;0;0;0;0;0;0;0;0;0;0;0;0;0;2;0;0;0;0;0;1;0;0;1;0;0;21;0;0;0;15;0;0;143;0;0;0;0;0;0;1;0;0;0;0;0;0;0;0;0;0;0;0;0;0;0;0;0;4;0;3;0;0;0;0;0;0;0;0;0;0;0;0;0;0;0;7;0;0;0;0;0;0;0;0;0;0;0;0;0;0;0;0;0;0;0;0;0;0;0;0;0;0;0;0;0;0;0;0;8;0;3;12;0;2;0;0;38;0;0;0;0;0;4;0;0;0;0;0;66;0;7;0;0;0;0;0;0;0;0;0;0;0;0;0;0;0;0;0;0;0;5;0;0;3;0;0;0;0;0;0;0;0;16;0;8;0;0;0;0;59;4;18;0;0;0;0;0;0;0;0;0;0
6115.2;1;0;1;0;0;0;0;0;26;0;0;0;0;0;0;0;0;0;0;13;0;0;19;0;0;0;0;3;0;0;0;0;0;0;0;0;0;0;0;0;0;0;3;0;1;0;0;1;0;0;0;0;0;22;0;0;0;29;0;1;119;0;0;0;0;0;0;1;0;0;0;0;0;0;0;0;0;0;0;0;0;0;2;0;0;2;0;1;0;0;0;0;0;0;0;0;0;0;0;0;0;0;3;9;0;0;2;0;0;0;0;0;0;0;0;0;2;0;0;0;0;0;0;0;0;0;0;0;0;0;0;0;0;0;0;0;11;0;16;26;0;1;0;0;42;0;0;1;0;1;16;2;0;0;0;0;44;0;5;0;0;0;0;0;0;0;0;0;0;0;0;0;0;0;0;0;0;0;14;0;0;2;0;0;1;0;0;0;0;0;17;0;8;0;0;0;0;40;2;5;0;0;0;0;0;0;0;0;0;0
